appliance_guess,cluster,start,end,duration_s,magnitude_w
water filter,5,2013-06-07 00:55:02+05:30,2013-06-07 00:57:08+05:30,126.0,37.48974609375
water motor,0,2013-06-07 00:49:16+05:30,2013-06-07 01:01:36+05:30,740.0,188.000732421875
television,4,2013-06-07 00:27:25+05:30,2013-06-07 01:11:17+05:30,2632.0,98.8671875
television,4,2013-06-07 01:18:33+05:30,2013-06-07 01:25:27+05:30,414.0,96.892822265625
laptop computer,1,2013-06-07 02:42:13+05:30,2013-06-07 02:47:58+05:30,345.0,55.934661865234375
laptop computer,1,2013-06-07 03:24:38+05:30,2013-06-07 03:44:13+05:30,1175.0,55.281463623046875
kitchen outlets,3,2013-06-07 03:52:54+05:30,2013-06-07 04:07:07+05:30,853.0,437.6667175292969
laptop computer,1,2013-06-07 04:50:34+05:30,2013-06-07 05:09:31+05:30,1137.0,60.02099609375
television,4,2013-06-07 05:32:46+05:30,2013-06-07 05:37:31+05:30,285.0,97.31979370117188
kitchen outlets,3,2013-06-07 05:46:50+05:30,2013-06-07 05:47:23+05:30,33.0,380.39068603515625
kitchen outlets,3,2013-06-07 05:18:38+05:30,2013-06-07 05:47:30+05:30,1732.0,359.68585205078125
kitchen outlets,3,2013-06-07 05:47:39+05:30,2013-06-07 05:47:45+05:30,6.0,369.3873291015625
kitchen outlets,3,2013-06-07 05:48:14+05:30,2013-06-07 05:48:39+05:30,25.0,395.0868835449219
kitchen outlets,3,2013-06-07 05:04:45+05:30,2013-06-07 05:48:54+05:30,2649.0,384.6939392089844
kitchen outlets,3,2013-06-07 05:49:07+05:30,2013-06-07 05:49:27+05:30,20.0,359.615478515625
water motor,0,2013-06-07 05:51:55+05:30,2013-06-07 05:51:58+05:30,3.0,322.19793701171875
laptop computer,1,2013-06-07 05:15:59+05:30,2013-06-07 05:52:04+05:30,2165.0,69.14288330078125
water motor,0,2013-06-07 05:51:17+05:30,2013-06-07 05:53:56+05:30,159.0,207.771240234375
kitchen outlets,3,2013-06-07 05:54:17+05:30,2013-06-07 05:54:34+05:30,17.0,407.30731201171875
television,4,2013-06-07 07:05:47+05:30,2013-06-07 07:20:10+05:30,863.0,119.49758911132812
laptop computer,1,2013-06-07 07:28:59+05:30,2013-06-07 07:37:16+05:30,497.0,75.71969604492188
water motor,0,2013-06-07 07:00:03+05:30,2013-06-07 07:47:28+05:30,2845.0,183.86065673828125
television,4,2013-06-07 07:48:01+05:30,2013-06-07 07:48:07+05:30,6.0,100.0867919921875
water motor,0,2013-06-07 07:49:07+05:30,2013-06-07 07:49:14+05:30,7.0,165.21453857421875
television,4,2013-06-07 07:50:28+05:30,2013-06-07 07:50:43+05:30,15.0,130.022705078125
laptop computer,1,2013-06-07 07:53:52+05:30,2013-06-07 07:54:11+05:30,19.0,57.64520263671875
laptop computer,1,2013-06-07 07:41:25+05:30,2013-06-07 07:55:14+05:30,829.0,59.8277587890625
water filter,5,2013-06-07 07:27:47+05:30,2013-06-07 07:56:45+05:30,1738.0,39.3427734375
water filter,5,2013-06-07 07:27:30+05:30,2013-06-07 08:08:41+05:30,2471.0,43.9302978515625
television,4,2013-06-07 07:50:09+05:30,2013-06-07 08:09:57+05:30,1188.0,117.88442993164062
water filter,5,2013-06-07 08:15:04+05:30,2013-06-07 08:15:26+05:30,22.0,38.045623779296875
television,4,2013-06-07 08:18:41+05:30,2013-06-07 08:25:41+05:30,420.0,121.53866577148438
television,4,2013-06-07 07:50:01+05:30,2013-06-07 08:44:20+05:30,3259.0,121.36917114257812
water filter,5,2013-06-07 08:57:12+05:30,2013-06-07 08:57:41+05:30,29.0,32.66558837890625
laptop computer,1,2013-06-07 08:57:19+05:30,2013-06-07 09:14:29+05:30,1030.0,59.8763427734375
water filter,5,2013-06-07 09:29:34+05:30,2013-06-07 09:32:04+05:30,150.0,31.35198974609375
kitchen outlets,3,2013-06-07 09:23:40+05:30,2013-06-07 09:38:16+05:30,876.0,372.6759948730469
laptop computer,1,2013-06-07 10:13:04+05:30,2013-06-07 10:21:39+05:30,515.0,52.98773193359375
water filter,5,2013-06-07 10:26:31+05:30,2013-06-07 10:26:47+05:30,16.0,38.59954833984375
television,4,2013-06-07 09:46:01+05:30,2013-06-07 10:38:08+05:30,3127.0,86.33840942382812
water motor,0,2013-06-07 10:45:58+05:30,2013-06-07 10:46:04+05:30,6.0,217.9405517578125
water motor,0,2013-06-07 10:46:39+05:30,2013-06-07 10:46:49+05:30,10.0,235.75531005859375
water filter,5,2013-06-07 10:55:08+05:30,2013-06-07 10:56:14+05:30,66.0,45.387115478515625
laptop computer,1,2013-06-07 10:34:55+05:30,2013-06-07 10:58:16+05:30,1401.0,53.336761474609375
water filter,5,2013-06-07 10:27:23+05:30,2013-06-07 11:03:14+05:30,2151.0,43.171630859375
kitchen outlets,3,2013-06-07 10:45:53+05:30,2013-06-07 11:04:43+05:30,1130.0,987.228271484375
kitchen outlets,3,2013-06-07 10:31:35+05:30,2013-06-07 11:10:24+05:30,2329.0,412.7481384277344
laptop computer,1,2013-06-07 11:42:09+05:30,2013-06-07 11:43:30+05:30,81.0,51.71600341796875
water filter,5,2013-06-07 12:11:55+05:30,2013-06-07 12:20:32+05:30,517.0,32.117462158203125
laptop computer,1,2013-06-07 12:23:03+05:30,2013-06-07 12:27:22+05:30,259.0,50.609100341796875
laptop computer,1,2013-06-07 12:28:50+05:30,2013-06-07 12:29:19+05:30,29.0,74.58822631835938
laptop computer,1,2013-06-07 12:37:22+05:30,2013-06-07 12:44:28+05:30,426.0,63.73272705078125
laptop computer,1,2013-06-07 12:18:00+05:30,2013-06-07 12:45:38+05:30,1658.0,56.588470458984375
laptop computer,1,2013-06-07 12:55:21+05:30,2013-06-07 12:55:48+05:30,27.0,52.10882568359375
water filter,5,2013-06-07 12:53:49+05:30,2013-06-07 12:58:12+05:30,263.0,37.87347412109375
laptop computer,1,2013-06-07 12:59:27+05:30,2013-06-07 13:01:37+05:30,130.0,78.73480224609375
laptop computer,1,2013-06-07 13:04:19+05:30,2013-06-07 13:08:19+05:30,240.0,72.62411499023438
water filter,5,2013-06-07 12:48:59+05:30,2013-06-07 13:14:34+05:30,1535.0,43.08978271484375
television,4,2013-06-07 13:15:13+05:30,2013-06-07 13:17:07+05:30,114.0,127.47332763671875
laptop computer,1,2013-06-07 13:11:28+05:30,2013-06-07 13:19:17+05:30,469.0,71.42529296875
water filter,5,2013-06-07 13:28:34+05:30,2013-06-07 13:29:50+05:30,76.0,43.138519287109375
laptop computer,1,2013-06-07 13:37:49+05:30,2013-06-07 13:42:05+05:30,256.0,79.24560546875
water motor,0,2013-06-07 13:51:36+05:30,2013-06-07 14:13:02+05:30,1286.0,170.15042114257812
laptop computer,1,2013-06-07 14:26:32+05:30,2013-06-07 14:33:21+05:30,409.0,58.0860595703125
water filter,5,2013-06-07 14:12:41+05:30,2013-06-07 14:39:46+05:30,1625.0,40.11114501953125
water filter,5,2013-06-07 14:10:40+05:30,2013-06-07 15:02:35+05:30,3115.0,39.426971435546875
kitchen outlets,3,2013-06-07 15:08:11+05:30,2013-06-07 15:08:53+05:30,42.0,500.3057861328125
kitchen outlets,3,2013-06-07 15:01:01+05:30,2013-06-07 15:09:32+05:30,511.0,701.2198486328125
kitchen outlets,3,2013-06-07 14:43:54+05:30,2013-06-07 15:10:12+05:30,1578.0,607.1744384765625
kitchen outlets,3,2013-06-07 15:10:58+05:30,2013-06-07 15:11:10+05:30,12.0,747.1704711914062
kitchen outlets,3,2013-06-07 15:11:44+05:30,2013-06-07 15:11:55+05:30,11.0,1006.2760009765625
kitchen outlets,3,2013-06-07 15:12:28+05:30,2013-06-07 15:12:39+05:30,11.0,615.0745239257812
kitchen outlets,3,2013-06-07 15:13:03+05:30,2013-06-07 15:14:02+05:30,59.0,615.1451416015625
kitchen outlets,3,2013-06-07 15:14:14+05:30,2013-06-07 15:15:15+05:30,61.0,545.233154296875
kitchen outlets,3,2013-06-07 15:16:27+05:30,2013-06-07 15:17:21+05:30,54.0,609.1717529296875
air conditioner,2,2013-06-07 15:17:39+05:30,2013-06-07 15:18:09+05:30,30.0,1247.266845703125
air conditioner,2,2013-06-07 15:15:26+05:30,2013-06-07 15:18:35+05:30,189.0,1045.9132080078125
air conditioner,2,2013-06-07 15:18:50+05:30,2013-06-07 15:19:27+05:30,37.0,1239.728271484375
kitchen outlets,3,2013-06-07 15:19:45+05:30,2013-06-07 15:20:21+05:30,36.0,752.59033203125
kitchen outlets,3,2013-06-07 15:20:43+05:30,2013-06-07 15:21:16+05:30,33.0,415.9434814453125
air conditioner,2,2013-06-07 15:09:56+05:30,2013-06-07 15:22:12+05:30,736.0,1234.0887451171875
water filter,5,2013-06-07 15:10:03+05:30,2013-06-07 15:22:55+05:30,772.0,34.4886474609375
kitchen outlets,3,2013-06-07 15:22:35+05:30,2013-06-07 15:23:02+05:30,27.0,703.1259765625
kitchen outlets,3,2013-06-07 15:21:40+05:30,2013-06-07 15:23:51+05:30,131.0,906.1641235351562
kitchen outlets,3,2013-06-07 15:24:15+05:30,2013-06-07 15:24:35+05:30,20.0,652.9244384765625
kitchen outlets,3,2013-06-07 15:24:58+05:30,2013-06-07 15:25:11+05:30,13.0,678.922119140625
kitchen outlets,3,2013-06-07 15:26:22+05:30,2013-06-07 15:26:33+05:30,11.0,640.1588134765625
kitchen outlets,3,2013-06-07 15:27:05+05:30,2013-06-07 15:27:18+05:30,13.0,901.7158203125
television,4,2013-06-07 15:45:15+05:30,2013-06-07 16:11:01+05:30,1546.0,108.19378662109375
television,4,2013-06-07 15:17:08+05:30,2013-06-07 16:14:24+05:30,3436.0,97.83879089355469
laptop computer,1,2013-06-07 16:29:01+05:30,2013-06-07 16:50:31+05:30,1290.0,60.70098876953125
water filter,5,2013-06-07 17:24:38+05:30,2013-06-07 17:24:59+05:30,21.0,30.25079345703125
laptop computer,1,2013-06-07 17:52:46+05:30,2013-06-07 17:56:52+05:30,246.0,73.09320068359375
water filter,5,2013-06-07 17:45:36+05:30,2013-06-07 18:03:50+05:30,1094.0,44.552154541015625
water filter,5,2013-06-07 17:37:45+05:30,2013-06-07 18:05:03+05:30,1638.0,45.52838134765625
laptop computer,1,2013-06-07 18:06:29+05:30,2013-06-07 18:06:57+05:30,28.0,57.863677978515625
laptop computer,1,2013-06-07 18:13:02+05:30,2013-06-07 18:16:51+05:30,229.0,67.8865966796875
laptop computer,1,2013-06-07 18:10:07+05:30,2013-06-07 18:20:55+05:30,648.0,58.539215087890625
water filter,5,2013-06-07 18:25:05+05:30,2013-06-07 18:25:43+05:30,38.0,45.04132080078125
television,4,2013-06-07 18:16:40+05:30,2013-06-07 18:37:16+05:30,1236.0,103.40371704101562
water filter,5,2013-06-07 18:24:20+05:30,2013-06-07 19:15:32+05:30,3072.0,37.9130859375
laptop computer,1,2013-06-07 19:11:17+05:30,2013-06-07 19:16:48+05:30,331.0,63.11224365234375
laptop computer,1,2013-06-07 19:16:59+05:30,2013-06-07 19:18:24+05:30,85.0,58.75164794921875
laptop computer,1,2013-06-07 18:46:58+05:30,2013-06-07 19:19:23+05:30,1945.0,56.19439697265625
water filter,5,2013-06-07 19:39:05+05:30,2013-06-07 20:05:33+05:30,1588.0,38.58697509765625
laptop computer,1,2013-06-07 20:01:00+05:30,2013-06-07 20:08:09+05:30,429.0,77.83642578125
water filter,5,2013-06-07 20:09:16+05:30,2013-06-07 20:09:28+05:30,12.0,42.76513671875
television,4,2013-06-07 19:32:31+05:30,2013-06-07 20:26:01+05:30,3210.0,139.0360107421875
water filter,5,2013-06-07 20:26:44+05:30,2013-06-07 20:27:46+05:30,62.0,36.5989990234375
water filter,5,2013-06-07 20:35:24+05:30,2013-06-07 20:35:32+05:30,8.0,37.5712890625
water filter,5,2013-06-07 20:40:05+05:30,2013-06-07 20:44:21+05:30,256.0,44.30517578125
laptop computer,1,2013-06-07 20:48:07+05:30,2013-06-07 20:53:46+05:30,339.0,57.6806640625
air conditioner,2,2013-06-07 20:37:39+05:30,2013-06-07 20:54:26+05:30,1007.0,1026.5634765625
water filter,5,2013-06-07 20:55:12+05:30,2013-06-07 20:59:35+05:30,263.0,46.382080078125
water filter,5,2013-06-07 20:53:27+05:30,2013-06-07 21:01:55+05:30,508.0,48.2099609375
water filter,5,2013-06-07 20:48:16+05:30,2013-06-07 21:02:01+05:30,825.0,30.13037109375
kitchen outlets,3,2013-06-07 21:01:42+05:30,2013-06-07 21:04:02+05:30,140.0,948.007568359375
laptop computer,1,2013-06-07 21:01:48+05:30,2013-06-07 21:16:01+05:30,853.0,56.102294921875
water filter,5,2013-06-07 21:16:40+05:30,2013-06-07 21:20:06+05:30,206.0,32.781005859375
kitchen outlets,3,2013-06-07 21:24:16+05:30,2013-06-07 21:24:17+05:30,1.0,398.9990234375
water motor,0,2013-06-07 21:19:24+05:30,2013-06-07 21:30:41+05:30,677.0,223.42822265625
laptop computer,1,2013-06-07 21:22:34+05:30,2013-06-07 21:35:37+05:30,783.0,54.72119140625
television,4,2013-06-07 21:15:15+05:30,2013-06-07 21:51:57+05:30,2202.0,91.530029296875
television,4,2013-06-07 22:24:18+05:30,2013-06-07 22:27:10+05:30,172.0,104.22998046875
laptop computer,1,2013-06-07 22:25:28+05:30,2013-06-07 22:28:09+05:30,161.0,71.990234375
kitchen outlets,3,2013-06-07 22:24:10+05:30,2013-06-07 22:45:55+05:30,1305.0,421.7900390625
television,4,2013-06-07 23:06:05+05:30,2013-06-07 23:15:17+05:30,552.0,103.419921875
kitchen outlets,3,2013-06-07 23:06:36+05:30,2013-06-07 23:48:49+05:30,2533.0,428.376953125
laptop computer,1,2013-06-07 23:50:53+05:30,2013-06-07 23:55:57+05:30,304.0,55.5341796875
kitchen outlets,3,2013-06-08 00:28:35+05:30,2013-06-08 00:32:15+05:30,220.0,859.10693359375
kitchen outlets,3,2013-06-08 00:47:58+05:30,2013-06-08 01:13:28+05:30,1530.0,820.56298828125
laptop computer,1,2013-06-08 01:07:30+05:30,2013-06-08 01:34:00+05:30,1590.0,57.006011962890625
laptop computer,1,2013-06-08 02:06:46+05:30,2013-06-08 02:13:10+05:30,384.0,73.45037841796875
laptop computer,1,2013-06-08 02:46:16+05:30,2013-06-08 02:52:55+05:30,399.0,55.577545166015625
air conditioner,2,2013-06-08 03:23:41+05:30,2013-06-08 03:41:32+05:30,1071.0,1169.725830078125
laptop computer,1,2013-06-08 03:46:36+05:30,2013-06-08 03:53:27+05:30,411.0,55.65869140625
laptop computer,1,2013-06-08 04:28:20+05:30,2013-06-08 04:55:18+05:30,1618.0,58.5703125
water filter,5,2013-06-08 05:22:28+05:30,2013-06-08 05:22:56+05:30,28.0,45.077880859375
air conditioner,2,2013-06-08 05:22:20+05:30,2013-06-08 05:27:38+05:30,318.0,1535.47802734375
television,4,2013-06-08 05:22:10+05:30,2013-06-08 05:58:06+05:30,2156.0,94.439208984375
water filter,5,2013-06-08 05:51:50+05:30,2013-06-08 06:12:56+05:30,1266.0,34.786376953125
water filter,5,2013-06-08 06:15:57+05:30,2013-06-08 06:21:48+05:30,351.0,39.779815673828125
kitchen outlets,3,2013-06-08 06:35:24+05:30,2013-06-08 06:56:35+05:30,1271.0,476.2611083984375
television,4,2013-06-08 06:17:18+05:30,2013-06-08 07:02:48+05:30,2730.0,117.63739013671875
water filter,5,2013-06-08 07:22:21+05:30,2013-06-08 07:24:17+05:30,116.0,40.0426025390625
laptop computer,1,2013-06-08 06:38:22+05:30,2013-06-08 07:26:06+05:30,2864.0,63.50701904296875
water filter,5,2013-06-08 07:32:25+05:30,2013-06-08 07:33:28+05:30,63.0,39.8446044921875
laptop computer,1,2013-06-08 07:34:45+05:30,2013-06-08 07:53:05+05:30,1100.0,82.98368835449219
water motor,0,2013-06-08 07:50:55+05:30,2013-06-08 07:58:53+05:30,478.0,206.62554931640625
laptop computer,1,2013-06-08 07:30:05+05:30,2013-06-08 08:01:19+05:30,1874.0,53.98199462890625
water filter,5,2013-06-08 08:01:30+05:30,2013-06-08 08:08:03+05:30,393.0,39.129913330078125
water motor,0,2013-06-08 08:20:33+05:30,2013-06-08 08:26:40+05:30,367.0,193.43975830078125
laptop computer,1,2013-06-08 08:27:41+05:30,2013-06-08 08:27:46+05:30,5.0,77.45355224609375
television,4,2013-06-08 07:56:07+05:30,2013-06-08 08:30:01+05:30,2034.0,117.0015869140625
water filter,5,2013-06-08 08:08:22+05:30,2013-06-08 08:31:15+05:30,1373.0,48.892242431640625
water filter,5,2013-06-08 09:03:50+05:30,2013-06-08 09:10:35+05:30,405.0,33.469329833984375
water filter,5,2013-06-08 09:27:10+05:30,2013-06-08 09:29:56+05:30,166.0,31.71282958984375
water filter,5,2013-06-08 09:31:44+05:30,2013-06-08 09:33:25+05:30,101.0,41.697601318359375
television,4,2013-06-08 09:44:54+05:30,2013-06-08 09:45:51+05:30,57.0,83.61099243164062
water filter,5,2013-06-08 10:03:00+05:30,2013-06-08 10:04:31+05:30,91.0,39.057342529296875
kitchen outlets,3,2013-06-08 10:39:58+05:30,2013-06-08 10:46:11+05:30,373.0,658.0330810546875
water filter,5,2013-06-08 10:46:05+05:30,2013-06-08 10:50:39+05:30,274.0,33.3182373046875
water filter,5,2013-06-08 10:51:40+05:30,2013-06-08 10:52:24+05:30,44.0,48.905731201171875
water filter,5,2013-06-08 10:53:06+05:30,2013-06-08 10:58:28+05:30,322.0,48.48455810546875
television,4,2013-06-08 10:33:06+05:30,2013-06-08 11:24:59+05:30,3113.0,114.42807006835938
water filter,5,2013-06-08 11:27:42+05:30,2013-06-08 11:29:39+05:30,117.0,38.592498779296875
kitchen outlets,3,2013-06-08 11:48:01+05:30,2013-06-08 11:48:08+05:30,7.0,484.39141845703125
kitchen outlets,3,2013-06-08 11:47:40+05:30,2013-06-08 11:48:15+05:30,35.0,483.96539306640625
kitchen outlets,3,2013-06-08 11:47:34+05:30,2013-06-08 11:48:20+05:30,46.0,493.4215087890625
water motor,0,2013-06-08 11:47:23+05:30,2013-06-08 11:48:57+05:30,94.0,309.8429870605469
kitchen outlets,3,2013-06-08 11:49:16+05:30,2013-06-08 11:49:23+05:30,7.0,465.99945068359375
kitchen outlets,3,2013-06-08 11:49:10+05:30,2013-06-08 11:49:29+05:30,19.0,468.6717224121094
kitchen outlets,3,2013-06-08 11:48:50+05:30,2013-06-08 11:49:40+05:30,50.0,462.9088134765625
kitchen outlets,3,2013-06-08 11:48:44+05:30,2013-06-08 11:49:46+05:30,62.0,455.951416015625
kitchen outlets,3,2013-06-08 11:48:36+05:30,2013-06-08 11:49:50+05:30,74.0,453.24798583984375
kitchen outlets,3,2013-06-08 11:48:29+05:30,2013-06-08 11:49:56+05:30,87.0,442.5430908203125
kitchen outlets,3,2013-06-08 11:50:18+05:30,2013-06-08 11:50:31+05:30,13.0,428.8753662109375
kitchen outlets,3,2013-06-08 11:50:12+05:30,2013-06-08 11:50:47+05:30,35.0,441.8924255371094
water filter,5,2013-06-08 11:52:51+05:30,2013-06-08 11:58:34+05:30,343.0,37.5667724609375
laptop computer,1,2013-06-08 12:01:15+05:30,2013-06-08 12:08:35+05:30,440.0,65.58988952636719
laptop computer,1,2013-06-08 12:10:01+05:30,2013-06-08 12:10:35+05:30,34.0,83.34829711914062
water motor,0,2013-06-08 13:20:53+05:30,2013-06-08 13:24:16+05:30,203.0,170.9033203125
water filter,5,2013-06-08 12:33:40+05:30,2013-06-08 13:29:20+05:30,3340.0,39.38299560546875
laptop computer,1,2013-06-08 15:06:47+05:30,2013-06-08 15:12:46+05:30,359.0,72.8973388671875
water filter,5,2013-06-08 15:05:04+05:30,2013-06-08 15:34:56+05:30,1792.0,31.07464599609375
television,4,2013-06-08 15:47:34+05:30,2013-06-08 15:47:38+05:30,4.0,109.73577880859375
television,4,2013-06-08 15:47:24+05:30,2013-06-08 15:47:49+05:30,25.0,140.93951416015625
water motor,0,2013-06-08 15:47:55+05:30,2013-06-08 15:48:02+05:30,7.0,190.95416259765625
water motor,0,2013-06-08 15:48:44+05:30,2013-06-08 15:48:53+05:30,9.0,253.79159545898438
water motor,0,2013-06-08 15:49:20+05:30,2013-06-08 15:49:30+05:30,10.0,264.1888732910156
water motor,0,2013-06-08 15:49:32+05:30,2013-06-08 15:49:44+05:30,12.0,255.54263305664062
water motor,0,2013-06-08 15:49:14+05:30,2013-06-08 15:49:51+05:30,37.0,249.8916015625
water motor,0,2013-06-08 15:49:09+05:30,2013-06-08 15:49:56+05:30,47.0,256.17803955078125
water motor,0,2013-06-08 15:49:04+05:30,2013-06-08 15:50:02+05:30,58.0,258.4139404296875
water motor,0,2013-06-08 15:50:04+05:30,2013-06-08 15:50:12+05:30,8.0,270.1167907714844
water motor,0,2013-06-08 15:50:25+05:30,2013-06-08 15:50:44+05:30,19.0,270.6478271484375
water motor,0,2013-06-08 15:51:01+05:30,2013-06-08 15:51:04+05:30,3.0,255.08551025390625
water motor,0,2013-06-08 15:51:26+05:30,2013-06-08 15:51:30+05:30,4.0,266.746826171875
water motor,0,2013-06-08 15:51:37+05:30,2013-06-08 15:51:56+05:30,19.0,256.52362060546875
water motor,0,2013-06-08 15:52:28+05:30,2013-06-08 15:52:37+05:30,9.0,245.86550903320312
water motor,0,2013-06-08 15:52:39+05:30,2013-06-08 15:52:47+05:30,8.0,255.265625
water motor,0,2013-06-08 15:53:09+05:30,2013-06-08 15:53:16+05:30,7.0,289.8875732421875
water motor,0,2013-06-08 15:53:25+05:30,2013-06-08 15:53:29+05:30,4.0,280.33319091796875
water motor,0,2013-06-08 15:53:00+05:30,2013-06-08 15:53:51+05:30,51.0,285.802490234375
water motor,0,2013-06-08 15:54:14+05:30,2013-06-08 15:54:23+05:30,9.0,285.8961181640625
water motor,0,2013-06-08 15:53:59+05:30,2013-06-08 15:54:33+05:30,34.0,279.88214111328125
water motor,0,2013-06-08 15:53:53+05:30,2013-06-08 15:54:45+05:30,52.0,265.8040771484375
television,4,2013-06-08 15:02:19+05:30,2013-06-08 15:54:51+05:30,3152.0,155.96603393554688
water motor,0,2013-06-08 15:55:07+05:30,2013-06-08 15:55:22+05:30,15.0,190.83526611328125
water motor,0,2013-06-08 15:55:29+05:30,2013-06-08 15:55:32+05:30,3.0,191.47830200195312
water motor,0,2013-06-08 15:52:55+05:30,2013-06-08 15:55:43+05:30,168.0,260.8005065917969
water motor,0,2013-06-08 15:56:09+05:30,2013-06-08 15:56:16+05:30,7.0,247.11956787109375
water motor,0,2013-06-08 15:55:55+05:30,2013-06-08 15:56:44+05:30,49.0,236.2283935546875
water motor,0,2013-06-08 15:56:56+05:30,2013-06-08 15:57:03+05:30,7.0,246.52554321289062
water motor,0,2013-06-08 15:52:17+05:30,2013-06-08 15:57:09+05:30,292.0,243.78726196289062
water motor,0,2013-06-08 15:51:58+05:30,2013-06-08 15:57:24+05:30,326.0,240.56439208984375
water motor,0,2013-06-08 15:51:17+05:30,2013-06-08 15:57:31+05:30,374.0,247.13406372070312
water motor,0,2013-06-08 15:57:56+05:30,2013-06-08 15:58:04+05:30,8.0,265.8090515136719
water motor,0,2013-06-08 15:58:06+05:30,2013-06-08 15:58:19+05:30,13.0,260.01708984375
water motor,0,2013-06-08 15:57:39+05:30,2013-06-08 15:58:25+05:30,46.0,260.5547180175781
water motor,0,2013-06-08 15:58:58+05:30,2013-06-08 15:59:01+05:30,3.0,253.83749389648438
water motor,0,2013-06-08 15:59:37+05:30,2013-06-08 15:59:50+05:30,13.0,262.2513732910156
water motor,0,2013-06-08 16:00:03+05:30,2013-06-08 16:00:07+05:30,4.0,275.4862365722656
water motor,0,2013-06-08 15:59:52+05:30,2013-06-08 16:00:17+05:30,25.0,289.0138854980469
water motor,0,2013-06-08 15:59:32+05:30,2013-06-08 16:00:23+05:30,51.0,291.3760681152344
water motor,0,2013-06-08 16:00:29+05:30,2013-06-08 16:00:39+05:30,10.0,291.5126953125
water motor,0,2013-06-08 15:59:26+05:30,2013-06-08 16:00:45+05:30,79.0,293.5549011230469
laptop computer,1,2013-06-08 15:41:20+05:30,2013-06-08 16:01:11+05:30,1191.0,67.34243774414062
television,4,2013-06-08 16:01:35+05:30,2013-06-08 16:02:30+05:30,55.0,85.67041015625
television,4,2013-06-08 15:57:16+05:30,2013-06-08 16:02:36+05:30,320.0,86.4586181640625
television,4,2013-06-08 16:03:07+05:30,2013-06-08 16:03:42+05:30,35.0,90.63821411132812
television,4,2013-06-08 16:02:51+05:30,2013-06-08 16:03:57+05:30,66.0,111.39639282226562
television,4,2013-06-08 15:56:28+05:30,2013-06-08 16:04:01+05:30,453.0,118.15304565429688
water motor,0,2013-06-08 16:04:34+05:30,2013-06-08 16:04:43+05:30,9.0,245.18780517578125
water motor,0,2013-06-08 16:00:59+05:30,2013-06-08 16:04:49+05:30,230.0,235.94964599609375
water motor,0,2013-06-08 16:00:53+05:30,2013-06-08 16:04:59+05:30,246.0,232.6829833984375
water motor,0,2013-06-08 16:00:47+05:30,2013-06-08 16:05:09+05:30,262.0,244.11526489257812
water motor,0,2013-06-08 15:58:47+05:30,2013-06-08 16:05:14+05:30,387.0,227.36514282226562
water motor,0,2013-06-08 16:05:26+05:30,2013-06-08 16:05:35+05:30,9.0,267.4977111816406
water motor,0,2013-06-08 16:05:21+05:30,2013-06-08 16:05:40+05:30,19.0,271.77294921875
laptop computer,1,2013-06-08 16:03:48+05:30,2013-06-08 16:12:56+05:30,548.0,81.62506103515625
water motor,0,2013-06-08 16:05:42+05:30,2013-06-08 16:46:14+05:30,2432.0,222.00445556640625
laptop computer,1,2013-06-08 16:13:49+05:30,2013-06-08 16:53:37+05:30,2388.0,72.1646728515625
water filter,5,2013-06-08 17:09:30+05:30,2013-06-08 17:19:57+05:30,627.0,46.13446044921875
water filter,5,2013-06-08 17:34:29+05:30,2013-06-08 17:36:28+05:30,119.0,48.6746826171875
laptop computer,1,2013-06-08 17:18:54+05:30,2013-06-08 18:04:45+05:30,2751.0,78.1678466796875
kitchen outlets,3,2013-06-08 18:11:36+05:30,2013-06-08 18:24:42+05:30,786.0,707.8184814453125
water filter,5,2013-06-08 18:21:58+05:30,2013-06-08 18:34:12+05:30,734.0,38.2747802734375
laptop computer,1,2013-06-08 18:11:30+05:30,2013-06-08 18:35:15+05:30,1425.0,71.1485595703125
kitchen outlets,3,2013-06-08 18:01:45+05:30,2013-06-08 18:37:12+05:30,2127.0,365.580322265625
water filter,5,2013-06-08 18:20:39+05:30,2013-06-08 18:38:24+05:30,1065.0,33.894439697265625
water filter,5,2013-06-08 18:03:49+05:30,2013-06-08 18:39:26+05:30,2137.0,45.716400146484375
water filter,5,2013-06-08 18:43:01+05:30,2013-06-08 18:43:52+05:30,51.0,38.56707763671875
air conditioner,2,2013-06-08 18:47:23+05:30,2013-06-08 18:47:29+05:30,6.0,1932.64794921875
air conditioner,2,2013-06-08 18:47:40+05:30,2013-06-08 18:47:49+05:30,9.0,1915.62158203125
air conditioner,2,2013-06-08 18:48:00+05:30,2013-06-08 18:48:07+05:30,7.0,2031.778076171875
air conditioner,2,2013-06-08 18:48:12+05:30,2013-06-08 18:48:24+05:30,12.0,2175.70263671875
air conditioner,2,2013-06-08 18:48:29+05:30,2013-06-08 18:48:43+05:30,14.0,2170.00537109375
air conditioner,2,2013-06-08 18:49:37+05:30,2013-06-08 18:49:46+05:30,9.0,2204.45751953125
air conditioner,2,2013-06-08 18:49:27+05:30,2013-06-08 18:49:55+05:30,28.0,2213.63671875
air conditioner,2,2013-06-08 18:49:20+05:30,2013-06-08 18:50:19+05:30,59.0,2196.1484375
air conditioner,2,2013-06-08 18:51:54+05:30,2013-06-08 18:52:00+05:30,6.0,2206.25048828125
air conditioner,2,2013-06-08 18:52:15+05:30,2013-06-08 18:52:33+05:30,18.0,2143.416748046875
air conditioner,2,2013-06-08 18:52:05+05:30,2013-06-08 18:52:48+05:30,43.0,2145.56103515625
air conditioner,2,2013-06-08 18:53:32+05:30,2013-06-08 18:53:41+05:30,9.0,2145.71826171875
air conditioner,2,2013-06-08 18:53:28+05:30,2013-06-08 18:53:54+05:30,26.0,2148.26611328125
air conditioner,2,2013-06-08 18:53:21+05:30,2013-06-08 18:54:12+05:30,51.0,2152.4912109375
air conditioner,2,2013-06-08 18:52:58+05:30,2013-06-08 18:54:19+05:30,81.0,1070.909912109375
air conditioner,2,2013-06-08 18:51:51+05:30,2013-06-08 18:54:28+05:30,157.0,2152.326904296875
air conditioner,2,2013-06-08 18:54:46+05:30,2013-06-08 18:54:51+05:30,5.0,2168.3701171875
air conditioner,2,2013-06-08 18:51:44+05:30,2013-06-08 18:54:55+05:30,191.0,2169.75146484375
air conditioner,2,2013-06-08 18:55:16+05:30,2013-06-08 18:55:32+05:30,16.0,2142.65380859375
air conditioner,2,2013-06-08 18:55:10+05:30,2013-06-08 18:55:45+05:30,35.0,2155.084228515625
air conditioner,2,2013-06-08 18:55:46+05:30,2013-06-08 18:55:52+05:30,6.0,2170.68212890625
air conditioner,2,2013-06-08 18:56:11+05:30,2013-06-08 18:56:20+05:30,9.0,2157.273193359375
air conditioner,2,2013-06-08 18:56:07+05:30,2013-06-08 18:56:35+05:30,28.0,2149.0361328125
air conditioner,2,2013-06-08 18:57:19+05:30,2013-06-08 18:57:31+05:30,12.0,2130.44482421875
air conditioner,2,2013-06-08 18:57:42+05:30,2013-06-08 18:57:50+05:30,8.0,2125.45458984375
air conditioner,2,2013-06-08 18:58:34+05:30,2013-06-08 18:58:46+05:30,12.0,1997.7547607421875
air conditioner,2,2013-06-08 18:57:58+05:30,2013-06-08 18:58:53+05:30,55.0,1991.145751953125
air conditioner,2,2013-06-08 18:59:07+05:30,2013-06-08 18:59:18+05:30,11.0,1983.82470703125
air conditioner,2,2013-06-08 18:59:26+05:30,2013-06-08 18:59:38+05:30,12.0,2112.755859375
air conditioner,2,2013-06-08 19:01:34+05:30,2013-06-08 19:01:40+05:30,6.0,2093.34228515625
air conditioner,2,2013-06-08 19:01:47+05:30,2013-06-08 19:02:12+05:30,25.0,2090.6357421875
air conditioner,2,2013-06-08 19:02:21+05:30,2013-06-08 19:02:26+05:30,5.0,2089.14599609375
air conditioner,2,2013-06-08 19:01:21+05:30,2013-06-08 19:02:29+05:30,68.0,2084.84228515625
air conditioner,2,2013-06-08 19:01:14+05:30,2013-06-08 19:02:39+05:30,85.0,2087.4794921875
air conditioner,2,2013-06-08 19:00:49+05:30,2013-06-08 19:03:07+05:30,138.0,2080.0791015625
air conditioner,2,2013-06-08 19:00:42+05:30,2013-06-08 19:03:11+05:30,149.0,2080.321533203125
air conditioner,2,2013-06-08 19:00:22+05:30,2013-06-08 19:03:25+05:30,183.0,2082.35107421875
air conditioner,2,2013-06-08 19:03:58+05:30,2013-06-08 19:04:00+05:30,2.0,2052.239501953125
air conditioner,2,2013-06-08 19:03:48+05:30,2013-06-08 19:04:19+05:30,31.0,2060.55908203125
air conditioner,2,2013-06-08 19:04:42+05:30,2013-06-08 19:04:50+05:30,8.0,2104.3095703125
air conditioner,2,2013-06-08 19:04:33+05:30,2013-06-08 19:05:00+05:30,27.0,1039.917236328125
air conditioner,2,2013-06-08 19:04:24+05:30,2013-06-08 19:05:12+05:30,48.0,2071.85498046875
air conditioner,2,2013-06-08 19:05:38+05:30,2013-06-08 19:05:51+05:30,13.0,2072.20849609375
air conditioner,2,2013-06-08 19:05:21+05:30,2013-06-08 19:06:01+05:30,40.0,2067.865966796875
air conditioner,2,2013-06-08 19:06:17+05:30,2013-06-08 19:06:32+05:30,15.0,2031.4193115234375
air conditioner,2,2013-06-08 19:07:19+05:30,2013-06-08 19:07:33+05:30,14.0,1901.7037353515625
air conditioner,2,2013-06-08 19:08:11+05:30,2013-06-08 19:08:15+05:30,4.0,1715.75439453125
air conditioner,2,2013-06-08 19:08:40+05:30,2013-06-08 19:08:52+05:30,12.0,1702.08447265625
air conditioner,2,2013-06-08 19:08:31+05:30,2013-06-08 19:08:59+05:30,28.0,1545.153076171875
air conditioner,2,2013-06-08 19:09:00+05:30,2013-06-08 19:09:08+05:30,8.0,1541.837158203125
air conditioner,2,2013-06-08 19:09:27+05:30,2013-06-08 19:09:41+05:30,14.0,1567.1588134765625
air conditioner,2,2013-06-08 19:09:54+05:30,2013-06-08 19:09:59+05:30,5.0,1568.685791015625
air conditioner,2,2013-06-08 19:09:50+05:30,2013-06-08 19:10:07+05:30,17.0,1547.5667724609375
air conditioner,2,2013-06-08 19:09:13+05:30,2013-06-08 19:10:16+05:30,63.0,1547.107177734375
air conditioner,2,2013-06-08 19:10:31+05:30,2013-06-08 19:10:45+05:30,14.0,1554.07568359375
air conditioner,2,2013-06-08 19:08:24+05:30,2013-06-08 19:11:01+05:30,157.0,1696.131103515625
air conditioner,2,2013-06-08 19:11:07+05:30,2013-06-08 19:11:35+05:30,28.0,1681.4713134765625
air conditioner,2,2013-06-08 19:07:48+05:30,2013-06-08 19:11:48+05:30,240.0,1688.411865234375
air conditioner,2,2013-06-08 19:11:53+05:30,2013-06-08 19:12:00+05:30,7.0,1694.601318359375
air conditioner,2,2013-06-08 19:07:41+05:30,2013-06-08 19:12:12+05:30,271.0,1694.468017578125
air conditioner,2,2013-06-08 19:12:46+05:30,2013-06-08 19:12:54+05:30,8.0,1692.163330078125
air conditioner,2,2013-06-08 19:12:36+05:30,2013-06-08 19:13:24+05:30,48.0,1688.6044921875
air conditioner,2,2013-06-08 19:07:38+05:30,2013-06-08 19:13:31+05:30,353.0,1679.189697265625
air conditioner,2,2013-06-08 19:07:12+05:30,2013-06-08 19:13:45+05:30,393.0,1678.5517578125
air conditioner,2,2013-06-08 19:14:51+05:30,2013-06-08 19:15:00+05:30,9.0,1702.14453125
air conditioner,2,2013-06-08 19:14:37+05:30,2013-06-08 19:15:08+05:30,31.0,1685.74853515625
air conditioner,2,2013-06-08 19:15:31+05:30,2013-06-08 19:16:00+05:30,29.0,1695.351318359375
air conditioner,2,2013-06-08 19:15:15+05:30,2013-06-08 19:16:16+05:30,61.0,1684.304931640625
air conditioner,2,2013-06-08 19:19:16+05:30,2013-06-08 19:19:32+05:30,16.0,1733.092041015625
air conditioner,2,2013-06-08 19:19:38+05:30,2013-06-08 19:19:51+05:30,13.0,2311.70166015625
air conditioner,2,2013-06-08 19:18:59+05:30,2013-06-08 19:20:20+05:30,81.0,2257.53564453125
air conditioner,2,2013-06-08 19:23:07+05:30,2013-06-08 19:23:33+05:30,26.0,2296.2451171875
air conditioner,2,2013-06-08 19:26:16+05:30,2013-06-08 19:26:23+05:30,7.0,2177.717041015625
air conditioner,2,2013-06-08 19:27:33+05:30,2013-06-08 19:27:59+05:30,26.0,2263.41357421875
air conditioner,2,2013-06-08 19:29:48+05:30,2013-06-08 19:30:01+05:30,13.0,2311.314697265625
air conditioner,2,2013-06-08 19:31:25+05:30,2013-06-08 19:31:45+05:30,20.0,2077.40966796875
air conditioner,2,2013-06-08 19:32:00+05:30,2013-06-08 19:32:41+05:30,41.0,2070.386962890625
air conditioner,2,2013-06-08 19:33:28+05:30,2013-06-08 19:34:07+05:30,39.0,2094.56982421875
air conditioner,2,2013-06-08 19:34:36+05:30,2013-06-08 19:34:53+05:30,17.0,2233.80712890625
air conditioner,2,2013-06-08 19:34:13+05:30,2013-06-08 19:34:58+05:30,45.0,2255.11083984375
air conditioner,2,2013-06-08 19:35:51+05:30,2013-06-08 19:36:00+05:30,9.0,2178.84130859375
laptop computer,1,2013-06-08 20:00:12+05:30,2013-06-08 20:12:58+05:30,766.0,67.833984375
water filter,5,2013-06-08 20:23:23+05:30,2013-06-08 20:24:24+05:30,61.0,42.8603515625
kitchen outlets,3,2013-06-08 20:24:03+05:30,2013-06-08 20:24:45+05:30,42.0,433.10986328125
water filter,5,2013-06-08 20:26:11+05:30,2013-06-08 20:27:35+05:30,84.0,42.2900390625
laptop computer,1,2013-06-08 22:28:30+05:30,2013-06-08 22:29:33+05:30,63.0,77.4296875
air conditioner,2,2013-06-08 22:29:22+05:30,2013-06-08 22:48:09+05:30,1127.0,4026.82861328125
air conditioner,2,2013-06-08 22:53:14+05:30,2013-06-08 22:53:25+05:30,11.0,2408.936767578125
air conditioner,2,2013-06-08 22:57:15+05:30,2013-06-08 22:57:45+05:30,30.0,2254.28466796875
air conditioner,2,2013-06-08 22:57:55+05:30,2013-06-08 22:58:01+05:30,6.0,2249.5234375
air conditioner,2,2013-06-08 22:56:52+05:30,2013-06-08 22:58:38+05:30,106.0,2245.265625
air conditioner,2,2013-06-08 22:56:33+05:30,2013-06-08 22:58:48+05:30,135.0,2253.543701171875
air conditioner,2,2013-06-08 22:56:27+05:30,2013-06-08 22:59:10+05:30,163.0,2265.6142578125
air conditioner,2,2013-06-08 22:59:26+05:30,2013-06-08 22:59:40+05:30,14.0,2264.138671875
air conditioner,2,2013-06-08 22:56:20+05:30,2013-06-08 22:59:53+05:30,213.0,2263.92626953125
air conditioner,2,2013-06-08 22:56:08+05:30,2013-06-08 23:00:00+05:30,232.0,2264.640625
air conditioner,2,2013-06-08 22:55:06+05:30,2013-06-08 23:00:07+05:30,301.0,2271.944580078125
air conditioner,2,2013-06-08 22:54:59+05:30,2013-06-08 23:00:27+05:30,328.0,2271.26708984375
air conditioner,2,2013-06-08 22:53:37+05:30,2013-06-08 23:00:57+05:30,440.0,2259.073974609375
air conditioner,2,2013-06-08 23:01:12+05:30,2013-06-08 23:01:27+05:30,15.0,2245.797119140625
air conditioner,2,2013-06-08 22:53:26+05:30,2013-06-08 23:01:37+05:30,491.0,2236.646728515625
air conditioner,2,2013-06-08 23:01:43+05:30,2013-06-08 23:01:51+05:30,8.0,2209.396728515625
air conditioner,2,2013-06-08 22:52:30+05:30,2013-06-08 23:01:57+05:30,567.0,2210.009033203125
air conditioner,2,2013-06-08 22:52:20+05:30,2013-06-08 23:02:02+05:30,582.0,2211.71484375
air conditioner,2,2013-06-08 23:02:14+05:30,2013-06-08 23:02:23+05:30,9.0,2244.80126953125
air conditioner,2,2013-06-08 23:09:31+05:30,2013-06-08 23:09:47+05:30,16.0,2301.195556640625
air conditioner,2,2013-06-08 23:13:45+05:30,2013-06-08 23:13:56+05:30,11.0,2228.15966796875
air conditioner,2,2013-06-08 23:16:06+05:30,2013-06-08 23:16:41+05:30,35.0,2191.79345703125
air conditioner,2,2013-06-08 23:20:46+05:30,2013-06-08 23:21:16+05:30,30.0,2113.650146484375
air conditioner,2,2013-06-08 23:23:04+05:30,2013-06-08 23:25:11+05:30,127.0,1540.15087890625
television,4,2013-06-09 00:49:01+05:30,2013-06-09 00:49:02+05:30,1.0,103.54269409179688
television,4,2013-06-09 00:49:10+05:30,2013-06-09 00:49:21+05:30,11.0,103.9451904296875
water motor,0,2013-06-09 00:37:10+05:30,2013-06-09 00:50:00+05:30,770.0,239.85110473632812
water motor,0,2013-06-09 01:25:44+05:30,2013-06-09 01:46:40+05:30,1256.0,282.3834228515625
water motor,0,2013-06-09 01:51:33+05:30,2013-06-09 02:14:25+05:30,1372.0,272.605224609375
laptop computer,1,2013-06-09 02:21:44+05:30,2013-06-09 02:24:03+05:30,139.0,63.18359375
water filter,5,2013-06-09 02:25:02+05:30,2013-06-09 03:10:21+05:30,2719.0,38.624755859375
laptop computer,1,2013-06-09 03:25:40+05:30,2013-06-09 03:33:54+05:30,494.0,57.809814453125
laptop computer,1,2013-06-09 03:48:14+05:30,2013-06-09 03:56:41+05:30,507.0,53.7783203125
water motor,0,2013-06-09 04:11:45+05:30,2013-06-09 05:02:13+05:30,3028.0,242.8367156982422
laptop computer,1,2013-06-09 04:35:25+05:30,2013-06-09 05:08:28+05:30,1983.0,61.337005615234375
television,4,2013-06-09 05:20:50+05:30,2013-06-09 05:56:35+05:30,2145.0,92.29766845703125
laptop computer,1,2013-06-09 05:54:16+05:30,2013-06-09 06:13:15+05:30,1139.0,58.88031005859375
kitchen outlets,3,2013-06-09 06:32:14+05:30,2013-06-09 06:33:43+05:30,89.0,398.22540283203125
water filter,5,2013-06-09 06:31:36+05:30,2013-06-09 07:05:08+05:30,2012.0,37.6190185546875
laptop computer,1,2013-06-09 07:06:49+05:30,2013-06-09 07:16:37+05:30,588.0,51.45220947265625
laptop computer,1,2013-06-09 07:16:44+05:30,2013-06-09 07:25:41+05:30,537.0,53.243621826171875
water motor,0,2013-06-09 07:08:35+05:30,2013-06-09 07:29:28+05:30,1253.0,328.77630615234375
water filter,5,2013-06-09 07:34:59+05:30,2013-06-09 07:37:12+05:30,133.0,40.938232421875
television,4,2013-06-09 07:37:04+05:30,2013-06-09 07:37:45+05:30,41.0,147.0660400390625
water filter,5,2013-06-09 07:34:30+05:30,2013-06-09 07:42:59+05:30,509.0,36.015594482421875
water motor,0,2013-06-09 07:47:26+05:30,2013-06-09 07:47:54+05:30,28.0,234.87686157226562
water motor,0,2013-06-09 07:48:10+05:30,2013-06-09 07:48:16+05:30,6.0,208.3388671875
water motor,0,2013-06-09 07:37:47+05:30,2013-06-09 07:48:41+05:30,654.0,274.1748046875
water motor,0,2013-06-09 07:08:28+05:30,2013-06-09 07:49:03+05:30,2435.0,181.60165405273438
water motor,0,2013-06-09 07:49:42+05:30,2013-06-09 07:49:45+05:30,3.0,241.0023193359375
television,4,2013-06-09 07:50:01+05:30,2013-06-09 07:50:07+05:30,6.0,144.99481201171875
water motor,0,2013-06-09 07:50:54+05:30,2013-06-09 07:51:00+05:30,6.0,256.0742492675781
water motor,0,2013-06-09 07:52:12+05:30,2013-06-09 07:52:48+05:30,36.0,218.18338012695312
water motor,0,2013-06-09 07:53:17+05:30,2013-06-09 07:53:23+05:30,6.0,217.99740600585938
water motor,0,2013-06-09 07:54:06+05:30,2013-06-09 07:54:37+05:30,31.0,194.04299926757812
water motor,0,2013-06-09 07:55:23+05:30,2013-06-09 07:55:30+05:30,7.0,171.70217895507812
television,4,2013-06-09 07:58:01+05:30,2013-06-09 07:58:11+05:30,10.0,127.4459228515625
laptop computer,1,2013-06-09 07:03:59+05:30,2013-06-09 07:58:27+05:30,3268.0,57.45991516113281
laptop computer,1,2013-06-09 07:58:38+05:30,2013-06-09 07:58:49+05:30,11.0,53.83311462402344
water filter,5,2013-06-09 07:32:27+05:30,2013-06-09 07:59:06+05:30,1599.0,45.405609130859375
laptop computer,1,2013-06-09 08:00:56+05:30,2013-06-09 08:01:06+05:30,10.0,78.76486206054688
television,4,2013-06-09 08:00:47+05:30,2013-06-09 08:01:54+05:30,67.0,85.68130493164062
television,4,2013-06-09 08:02:06+05:30,2013-06-09 08:02:11+05:30,5.0,87.361328125
television,4,2013-06-09 08:00:33+05:30,2013-06-09 08:02:27+05:30,114.0,91.48806762695312
television,4,2013-06-09 07:59:13+05:30,2013-06-09 08:02:36+05:30,203.0,95.43600463867188
water motor,0,2013-06-09 07:56:55+05:30,2013-06-09 08:03:06+05:30,371.0,320.82830810546875
water motor,0,2013-06-09 08:03:38+05:30,2013-06-09 08:03:50+05:30,12.0,291.88720703125
water motor,0,2013-06-09 08:05:05+05:30,2013-06-09 08:05:17+05:30,12.0,294.1741943359375
water motor,0,2013-06-09 08:04:48+05:30,2013-06-09 08:05:25+05:30,37.0,310.3897399902344
water motor,0,2013-06-09 08:04:42+05:30,2013-06-09 08:05:34+05:30,52.0,310.63482666015625
water motor,0,2013-06-09 08:04:33+05:30,2013-06-09 08:46:02+05:30,2489.0,285.79876708984375
kitchen outlets,3,2013-06-09 09:47:27+05:30,2013-06-09 09:47:32+05:30,5.0,370.2807312011719
water motor,0,2013-06-09 09:48:57+05:30,2013-06-09 09:49:04+05:30,7.0,276.5844421386719
water motor,0,2013-06-09 09:49:24+05:30,2013-06-09 09:49:54+05:30,30.0,214.97311401367188
water motor,0,2013-06-09 09:50:19+05:30,2013-06-09 09:50:32+05:30,13.0,193.3297119140625
television,4,2013-06-09 09:51:11+05:30,2013-06-09 09:51:19+05:30,8.0,123.594970703125
kitchen outlets,3,2013-06-09 09:33:50+05:30,2013-06-09 09:51:59+05:30,1089.0,347.6120300292969
water motor,0,2013-06-09 09:48:31+05:30,2013-06-09 09:52:59+05:30,268.0,197.79080200195312
television,4,2013-06-09 09:52:45+05:30,2013-06-09 09:53:27+05:30,42.0,132.2418212890625
water motor,0,2013-06-09 09:48:23+05:30,2013-06-09 09:54:37+05:30,374.0,314.48876953125
television,4,2013-06-09 09:54:42+05:30,2013-06-09 09:54:48+05:30,6.0,115.4783935546875
water motor,0,2013-06-09 09:47:57+05:30,2013-06-09 09:55:31+05:30,454.0,190.55828857421875
television,4,2013-06-09 09:54:30+05:30,2013-06-09 09:56:09+05:30,99.0,108.9241943359375
water filter,5,2013-06-09 09:15:54+05:30,2013-06-09 09:56:38+05:30,2444.0,43.785125732421875
television,4,2013-06-09 09:56:26+05:30,2013-06-09 09:57:58+05:30,92.0,126.99090576171875
water filter,5,2013-06-09 09:57:33+05:30,2013-06-09 09:58:04+05:30,31.0,42.61541748046875
water filter,5,2013-06-09 09:56:44+05:30,2013-06-09 09:58:15+05:30,91.0,39.791290283203125
television,4,2013-06-09 09:58:26+05:30,2013-06-09 09:58:59+05:30,33.0,130.75918579101562
television,4,2013-06-09 09:59:31+05:30,2013-06-09 09:59:42+05:30,11.0,92.78408813476562
television,4,2013-06-09 09:56:17+05:30,2013-06-09 09:59:53+05:30,216.0,108.79949951171875
television,4,2013-06-09 10:00:07+05:30,2013-06-09 10:00:13+05:30,6.0,110.40408325195312
television,4,2013-06-09 09:53:30+05:30,2013-06-09 10:00:20+05:30,410.0,109.72940063476562
water filter,5,2013-06-09 09:07:25+05:30,2013-06-09 10:01:54+05:30,3269.0,46.893890380859375
television,4,2013-06-09 10:04:49+05:30,2013-06-09 10:05:01+05:30,12.0,146.2371063232422
television,4,2013-06-09 10:05:18+05:30,2013-06-09 10:05:32+05:30,14.0,125.22189331054688
television,4,2013-06-09 10:05:39+05:30,2013-06-09 10:06:14+05:30,35.0,138.83522033691406
water motor,0,2013-06-09 10:08:01+05:30,2013-06-09 10:08:10+05:30,9.0,170.43511962890625
television,4,2013-06-09 10:08:29+05:30,2013-06-09 10:09:22+05:30,53.0,140.54428100585938
television,4,2013-06-09 10:05:10+05:30,2013-06-09 10:11:45+05:30,395.0,111.97769165039062
laptop computer,1,2013-06-09 11:17:00+05:30,2013-06-09 11:26:08+05:30,548.0,67.78778076171875
water filter,5,2013-06-09 11:22:33+05:30,2013-06-09 11:49:34+05:30,1621.0,37.983001708984375
kitchen outlets,3,2013-06-09 12:26:03+05:30,2013-06-09 12:50:21+05:30,1458.0,417.7716064453125
water filter,5,2013-06-09 12:19:40+05:30,2013-06-09 12:59:14+05:30,2374.0,41.92677307128906
water filter,5,2013-06-09 13:15:01+05:30,2013-06-09 13:16:23+05:30,82.0,37.5755615234375
television,4,2013-06-09 13:07:23+05:30,2013-06-09 13:23:50+05:30,987.0,114.76580810546875
water filter,5,2013-06-09 13:25:55+05:30,2013-06-09 13:28:51+05:30,176.0,37.65582275390625
water filter,5,2013-06-09 13:14:16+05:30,2013-06-09 13:31:37+05:30,1041.0,33.9921875
water filter,5,2013-06-09 13:08:39+05:30,2013-06-09 13:37:58+05:30,1759.0,49.18206787109375
water filter,5,2013-06-09 13:38:08+05:30,2013-06-09 13:40:33+05:30,145.0,31.68548583984375
laptop computer,1,2013-06-09 13:10:25+05:30,2013-06-09 13:49:35+05:30,2350.0,70.83685302734375
water filter,5,2013-06-09 14:54:18+05:30,2013-06-09 14:58:15+05:30,237.0,30.387359619140625
laptop computer,1,2013-06-09 14:11:20+05:30,2013-06-09 15:01:53+05:30,3033.0,61.171112060546875
water filter,5,2013-06-09 15:10:04+05:30,2013-06-09 15:35:06+05:30,1502.0,31.4580078125
kitchen outlets,3,2013-06-09 15:59:48+05:30,2013-06-09 16:21:35+05:30,1307.0,367.6723937988281
water filter,5,2013-06-09 16:29:50+05:30,2013-06-09 16:35:45+05:30,355.0,38.029693603515625
television,4,2013-06-09 16:30:22+05:30,2013-06-09 16:50:10+05:30,1188.0,105.85943603515625
television,4,2013-06-09 16:50:23+05:30,2013-06-09 16:52:17+05:30,114.0,97.68792724609375
water filter,5,2013-06-09 17:32:34+05:30,2013-06-09 17:32:51+05:30,17.0,41.0751953125
kitchen outlets,3,2013-06-09 16:45:27+05:30,2013-06-09 17:33:35+05:30,2888.0,440.26641845703125
laptop computer,1,2013-06-09 17:33:07+05:30,2013-06-09 17:35:42+05:30,155.0,52.25384521484375
water filter,5,2013-06-09 17:40:03+05:30,2013-06-09 17:40:24+05:30,21.0,35.72589111328125
water filter,5,2013-06-09 17:34:51+05:30,2013-06-09 17:41:13+05:30,382.0,38.941925048828125
kitchen outlets,3,2013-06-09 17:49:19+05:30,2013-06-09 17:49:24+05:30,5.0,442.09600830078125
kitchen outlets,3,2013-06-09 17:48:56+05:30,2013-06-09 17:49:57+05:30,61.0,436.7280578613281
kitchen outlets,3,2013-06-09 17:48:37+05:30,2013-06-09 17:50:25+05:30,108.0,403.97607421875
kitchen outlets,3,2013-06-09 17:51:08+05:30,2013-06-09 17:51:18+05:30,10.0,420.56927490234375
kitchen outlets,3,2013-06-09 17:52:54+05:30,2013-06-09 17:52:59+05:30,5.0,414.51129150390625
kitchen outlets,3,2013-06-09 17:53:43+05:30,2013-06-09 17:54:04+05:30,21.0,414.09246826171875
kitchen outlets,3,2013-06-09 17:53:08+05:30,2013-06-09 17:54:20+05:30,72.0,399.7838134765625
kitchen outlets,3,2013-06-09 17:54:33+05:30,2013-06-09 17:54:38+05:30,5.0,401.715087890625
kitchen outlets,3,2013-06-09 17:54:51+05:30,2013-06-09 17:55:09+05:30,18.0,532.0457153320312
kitchen outlets,3,2013-06-09 17:56:07+05:30,2013-06-09 17:56:21+05:30,14.0,531.398193359375
kitchen outlets,3,2013-06-09 17:56:50+05:30,2013-06-09 17:57:09+05:30,19.0,519.9024047851562
kitchen outlets,3,2013-06-09 17:56:45+05:30,2013-06-09 17:57:23+05:30,38.0,523.318115234375
kitchen outlets,3,2013-06-09 17:57:48+05:30,2013-06-09 17:58:03+05:30,15.0,493.2152404785156
kitchen outlets,3,2013-06-09 17:57:36+05:30,2013-06-09 17:58:13+05:30,37.0,493.5840759277344
kitchen outlets,3,2013-06-09 17:59:35+05:30,2013-06-09 17:59:43+05:30,8.0,477.56939697265625
kitchen outlets,3,2013-06-09 17:59:25+05:30,2013-06-09 17:59:57+05:30,32.0,467.5787048339844
kitchen outlets,3,2013-06-09 18:00:20+05:30,2013-06-09 18:00:30+05:30,10.0,461.0868225097656
kitchen outlets,3,2013-06-09 18:01:05+05:30,2013-06-09 18:01:26+05:30,21.0,473.23272705078125
kitchen outlets,3,2013-06-09 18:00:49+05:30,2013-06-09 18:01:48+05:30,59.0,473.6018981933594
kitchen outlets,3,2013-06-09 18:02:10+05:30,2013-06-09 18:02:22+05:30,12.0,462.53570556640625
kitchen outlets,3,2013-06-09 18:01:59+05:30,2013-06-09 18:03:00+05:30,61.0,458.2457275390625
water motor,0,2013-06-09 18:03:54+05:30,2013-06-09 18:04:23+05:30,29.0,193.0604248046875
water motor,0,2013-06-09 18:05:25+05:30,2013-06-09 18:18:19+05:30,774.0,187.39132690429688
laptop computer,1,2013-06-09 19:00:03+05:30,2013-06-09 19:03:20+05:30,197.0,51.4857177734375
water filter,5,2013-06-09 19:02:50+05:30,2013-06-09 19:11:36+05:30,526.0,33.128021240234375
kitchen outlets,3,2013-06-09 19:41:08+05:30,2013-06-09 19:41:34+05:30,26.0,877.9255981445312
laptop computer,1,2013-06-09 20:07:55+05:30,2013-06-09 20:09:40+05:30,105.0,69.760009765625
water filter,5,2013-06-09 19:41:25+05:30,2013-06-09 20:10:11+05:30,1726.0,46.0870361328125
laptop computer,1,2013-06-09 20:13:02+05:30,2013-06-09 21:09:22+05:30,3380.0,69.98291015625
water filter,5,2013-06-09 21:13:13+05:30,2013-06-09 21:17:14+05:30,241.0,32.5654296875
laptop computer,1,2013-06-09 21:11:13+05:30,2013-06-09 21:17:33+05:30,380.0,72.099853515625
television,4,2013-06-09 21:03:17+05:30,2013-06-09 21:25:49+05:30,1352.0,93.5498046875
television,4,2013-06-09 20:46:43+05:30,2013-06-09 21:27:45+05:30,2462.0,109.1298828125
laptop computer,1,2013-06-09 21:45:32+05:30,2013-06-09 21:45:50+05:30,18.0,58.36962890625
air conditioner,2,2013-06-09 21:47:22+05:30,2013-06-09 21:47:36+05:30,14.0,2146.15087890625
air conditioner,2,2013-06-09 21:17:05+05:30,2013-06-09 21:47:50+05:30,1845.0,2076.071533203125
air conditioner,2,2013-06-09 21:48:20+05:30,2013-06-09 21:48:26+05:30,6.0,2024.307861328125
air conditioner,2,2013-06-09 21:48:44+05:30,2013-06-09 21:48:50+05:30,6.0,2014.7783203125
air conditioner,2,2013-06-09 21:49:10+05:30,2013-06-09 21:49:25+05:30,15.0,1974.1650390625
air conditioner,2,2013-06-09 21:49:37+05:30,2013-06-09 21:49:42+05:30,5.0,1959.027099609375
air conditioner,2,2013-06-09 21:50:30+05:30,2013-06-09 21:50:36+05:30,6.0,1948.528076171875
air conditioner,2,2013-06-09 21:50:58+05:30,2013-06-09 21:51:19+05:30,21.0,1916.3798828125
air conditioner,2,2013-06-09 21:50:43+05:30,2013-06-09 21:51:25+05:30,42.0,1909.152099609375
air conditioner,2,2013-06-09 21:51:49+05:30,2013-06-09 21:52:03+05:30,14.0,1892.001953125
air conditioner,2,2013-06-09 21:50:23+05:30,2013-06-09 21:52:13+05:30,110.0,1889.035888671875
air conditioner,2,2013-06-09 21:52:55+05:30,2013-06-09 21:53:09+05:30,14.0,1771.36962890625
air conditioner,2,2013-06-09 21:52:48+05:30,2013-06-09 21:53:19+05:30,31.0,1764.909912109375
air conditioner,2,2013-06-09 21:53:55+05:30,2013-06-09 21:54:06+05:30,11.0,1757.849853515625
air conditioner,2,2013-06-09 21:54:20+05:30,2013-06-09 21:54:26+05:30,6.0,2137.6748046875
air conditioner,2,2013-06-09 21:54:07+05:30,2013-06-09 21:54:37+05:30,30.0,1696.52685546875
air conditioner,2,2013-06-09 21:54:46+05:30,2013-06-09 21:54:52+05:30,6.0,1447.1669921875
air conditioner,2,2013-06-09 21:53:47+05:30,2013-06-09 21:54:59+05:30,72.0,1444.32470703125
air conditioner,2,2013-06-09 21:55:35+05:30,2013-06-09 21:55:44+05:30,9.0,1454.322998046875
air conditioner,2,2013-06-09 21:55:26+05:30,2013-06-09 21:55:58+05:30,32.0,1440.81103515625
air conditioner,2,2013-06-09 21:56:12+05:30,2013-06-09 21:56:18+05:30,6.0,1429.779296875
air conditioner,2,2013-06-09 21:56:04+05:30,2013-06-09 21:56:28+05:30,24.0,1423.974365234375
air conditioner,2,2013-06-09 21:56:34+05:30,2013-06-09 21:56:55+05:30,21.0,1414.898681640625
air conditioner,2,2013-06-09 21:55:19+05:30,2013-06-09 21:57:20+05:30,121.0,1410.545166015625
air conditioner,2,2013-06-09 21:57:40+05:30,2013-06-09 21:57:53+05:30,13.0,1875.7177734375
air conditioner,2,2013-06-09 21:58:01+05:30,2013-06-09 21:58:12+05:30,11.0,1459.53857421875
air conditioner,2,2013-06-09 21:55:13+05:30,2013-06-09 21:58:22+05:30,189.0,1462.50146484375
air conditioner,2,2013-06-09 21:55:08+05:30,2013-06-09 21:58:47+05:30,219.0,1463.119140625
air conditioner,2,2013-06-09 21:53:31+05:30,2013-06-09 21:58:57+05:30,326.0,1488.57958984375
air conditioner,2,2013-06-09 21:53:25+05:30,2013-06-09 21:59:12+05:30,347.0,1480.616943359375
air conditioner,2,2013-06-09 21:52:35+05:30,2013-06-09 21:59:22+05:30,407.0,1724.53662109375
air conditioner,2,2013-06-09 21:52:23+05:30,2013-06-09 21:59:27+05:30,424.0,1478.8876953125
air conditioner,2,2013-06-09 21:59:47+05:30,2013-06-09 21:59:59+05:30,12.0,2028.252685546875
air conditioner,2,2013-06-09 22:00:09+05:30,2013-06-09 22:00:26+05:30,17.0,2031.971923828125
air conditioner,2,2013-06-09 22:00:32+05:30,2013-06-09 22:00:53+05:30,21.0,1999.01611328125
air conditioner,2,2013-06-09 21:52:16+05:30,2013-06-09 22:00:59+05:30,523.0,1992.838134765625
air conditioner,2,2013-06-09 21:50:16+05:30,2013-06-09 22:01:06+05:30,650.0,1985.92724609375
air conditioner,2,2013-06-09 21:50:06+05:30,2013-06-09 22:01:19+05:30,673.0,1967.20068359375
air conditioner,2,2013-06-09 21:49:54+05:30,2013-06-09 22:01:28+05:30,694.0,1957.517578125
air conditioner,2,2013-06-09 21:48:59+05:30,2013-06-09 22:01:39+05:30,760.0,1954.70166015625
air conditioner,2,2013-06-09 21:48:41+05:30,2013-06-09 22:01:55+05:30,794.0,1943.4267578125
air conditioner,2,2013-06-09 21:48:12+05:30,2013-06-09 22:02:00+05:30,828.0,1938.8916015625
air conditioner,2,2013-06-09 22:02:52+05:30,2013-06-09 22:03:31+05:30,39.0,2185.212646484375
air conditioner,2,2013-06-09 22:04:10+05:30,2013-06-09 22:04:18+05:30,8.0,2180.575927734375
air conditioner,2,2013-06-09 22:03:49+05:30,2013-06-09 22:04:26+05:30,37.0,2177.881103515625
air conditioner,2,2013-06-09 22:05:04+05:30,2013-06-09 22:05:11+05:30,7.0,2166.733642578125
air conditioner,2,2013-06-09 22:05:45+05:30,2013-06-09 22:06:08+05:30,23.0,1971.826171875
air conditioner,2,2013-06-09 22:06:17+05:30,2013-06-09 22:06:28+05:30,11.0,2189.452880859375
air conditioner,2,2013-06-09 22:05:26+05:30,2013-06-09 22:06:44+05:30,78.0,2163.09716796875
air conditioner,2,2013-06-09 22:06:53+05:30,2013-06-09 22:07:01+05:30,8.0,2161.033203125
air conditioner,2,2013-06-09 22:08:08+05:30,2013-06-09 22:08:22+05:30,14.0,2240.07421875
air conditioner,2,2013-06-09 22:07:57+05:30,2013-06-09 22:08:30+05:30,33.0,2133.664306640625
air conditioner,2,2013-06-09 22:04:39+05:30,2013-06-09 22:08:50+05:30,251.0,2133.793212890625
air conditioner,2,2013-06-09 22:09:27+05:30,2013-06-09 22:09:34+05:30,7.0,2216.2373046875
air conditioner,2,2013-06-09 22:09:20+05:30,2013-06-09 22:10:13+05:30,53.0,2229.801025390625
air conditioner,2,2013-06-09 22:04:35+05:30,2013-06-09 22:10:36+05:30,361.0,2234.48486328125
air conditioner,2,2013-06-09 22:11:46+05:30,2013-06-09 22:11:52+05:30,6.0,2235.618896484375
air conditioner,2,2013-06-09 22:12:19+05:30,2013-06-09 22:12:30+05:30,11.0,2232.30419921875
air conditioner,2,2013-06-09 22:12:42+05:30,2013-06-09 22:12:46+05:30,4.0,2155.093994140625
air conditioner,2,2013-06-09 22:13:06+05:30,2013-06-09 22:13:22+05:30,16.0,2126.611572265625
air conditioner,2,2013-06-09 22:12:01+05:30,2013-06-09 22:13:36+05:30,95.0,2133.245849609375
air conditioner,2,2013-06-09 22:17:03+05:30,2013-06-09 22:17:21+05:30,18.0,2180.059814453125
air conditioner,2,2013-06-09 22:17:26+05:30,2013-06-09 22:17:46+05:30,20.0,2156.982421875
air conditioner,2,2013-06-09 22:18:11+05:30,2013-06-09 22:18:32+05:30,21.0,2134.741455078125
air conditioner,2,2013-06-09 22:19:22+05:30,2013-06-09 22:19:29+05:30,7.0,2118.71044921875
air conditioner,2,2013-06-09 22:20:00+05:30,2013-06-09 22:20:16+05:30,16.0,2142.4296875
laptop computer,1,2013-06-09 21:42:44+05:30,2013-06-09 22:23:04+05:30,2420.0,79.17333984375
water filter,5,2013-06-09 22:24:06+05:30,2013-06-09 22:27:16+05:30,190.0,33.11669921875
television,4,2013-06-10 01:27:36+05:30,2013-06-10 01:36:19+05:30,523.0,111.657470703125
laptop computer,1,2013-06-10 02:20:49+05:30,2013-06-10 02:29:08+05:30,499.0,80.6417236328125
laptop computer,1,2013-06-10 04:09:39+05:30,2013-06-10 04:17:47+05:30,488.0,50.114044189453125
laptop computer,1,2013-06-10 04:37:37+05:30,2013-06-10 04:45:32+05:30,475.0,59.795501708984375
television,4,2013-06-10 06:00:59+05:30,2013-06-10 06:08:46+05:30,467.0,150.708740234375
water filter,5,2013-06-10 05:24:50+05:30,2013-06-10 06:19:17+05:30,3267.0,49.406982421875
air conditioner,2,2013-06-10 06:05:12+05:30,2013-06-10 06:24:01+05:30,1129.0,1725.1669921875
laptop computer,1,2013-06-10 06:43:02+05:30,2013-06-10 06:51:34+05:30,512.0,69.8099365234375
water filter,5,2013-06-10 06:57:11+05:30,2013-06-10 06:57:49+05:30,38.0,47.1671142578125
water filter,5,2013-06-10 06:40:30+05:30,2013-06-10 06:59:53+05:30,1163.0,47.29290771484375
water motor,0,2013-06-10 07:01:53+05:30,2013-06-10 07:02:05+05:30,12.0,215.37811279296875
water motor,0,2013-06-10 07:01:47+05:30,2013-06-10 07:02:12+05:30,25.0,218.9608154296875
water motor,0,2013-06-10 07:02:46+05:30,2013-06-10 07:02:59+05:30,13.0,171.86370849609375
television,4,2013-06-10 07:02:00+05:30,2013-06-10 07:09:37+05:30,457.0,109.01095581054688
water motor,0,2013-06-10 07:11:41+05:30,2013-06-10 07:20:28+05:30,527.0,196.3690185546875
television,4,2013-06-10 07:21:48+05:30,2013-06-10 07:28:11+05:30,383.0,121.98699951171875
water motor,0,2013-06-10 07:02:37+05:30,2013-06-10 07:29:15+05:30,1598.0,192.70187377929688
laptop computer,1,2013-06-10 07:20:02+05:30,2013-06-10 07:37:54+05:30,1072.0,51.34881591796875
water filter,5,2013-06-10 07:36:46+05:30,2013-06-10 07:38:16+05:30,90.0,33.15679931640625
television,4,2013-06-10 07:39:57+05:30,2013-06-10 07:40:06+05:30,9.0,89.18411254882812
laptop computer,1,2013-06-10 07:42:50+05:30,2013-06-10 07:45:53+05:30,183.0,55.6959228515625
water motor,0,2013-06-10 07:48:58+05:30,2013-06-10 07:49:13+05:30,15.0,216.2545166015625
television,4,2013-06-10 07:48:39+05:30,2013-06-10 07:49:23+05:30,44.0,88.795166015625
laptop computer,1,2013-06-10 07:09:27+05:30,2013-06-10 07:57:32+05:30,2885.0,55.906158447265625
water filter,5,2013-06-10 07:44:22+05:30,2013-06-10 08:09:17+05:30,1495.0,34.580474853515625
water filter,5,2013-06-10 07:35:02+05:30,2013-06-10 08:10:48+05:30,2146.0,42.1668701171875
water filter,5,2013-06-10 07:30:08+05:30,2013-06-10 08:15:31+05:30,2723.0,41.260955810546875
laptop computer,1,2013-06-10 08:18:23+05:30,2013-06-10 08:24:08+05:30,345.0,62.622467041015625
television,4,2013-06-10 08:15:00+05:30,2013-06-10 08:51:12+05:30,2172.0,95.52630615234375
television,4,2013-06-10 08:59:21+05:30,2013-06-10 09:18:51+05:30,1170.0,103.9981689453125
laptop computer,1,2013-06-10 09:01:29+05:30,2013-06-10 09:27:27+05:30,1558.0,77.68829345703125
water filter,5,2013-06-10 09:33:49+05:30,2013-06-10 09:44:27+05:30,638.0,47.576690673828125
laptop computer,1,2013-06-10 09:42:05+05:30,2013-06-10 09:52:46+05:30,641.0,71.8948974609375
water filter,5,2013-06-10 10:11:50+05:30,2013-06-10 10:13:11+05:30,81.0,39.79962158203125
laptop computer,1,2013-06-10 10:12:37+05:30,2013-06-10 10:21:49+05:30,552.0,65.77490234375
television,4,2013-06-10 09:39:00+05:30,2013-06-10 10:23:58+05:30,2698.0,120.4114990234375
water filter,5,2013-06-10 10:29:12+05:30,2013-06-10 10:54:26+05:30,1514.0,32.7667236328125
water filter,5,2013-06-10 11:11:52+05:30,2013-06-10 11:12:46+05:30,54.0,33.640533447265625
kitchen outlets,3,2013-06-10 11:04:52+05:30,2013-06-10 11:33:32+05:30,1720.0,426.68463134765625
water filter,5,2013-06-10 11:07:10+05:30,2013-06-10 11:36:09+05:30,1739.0,35.297210693359375
laptop computer,1,2013-06-10 12:14:32+05:30,2013-06-10 12:18:00+05:30,208.0,58.94903564453125
kitchen outlets,3,2013-06-10 12:00:28+05:30,2013-06-10 12:25:56+05:30,1528.0,441.4108581542969
water filter,5,2013-06-10 12:37:11+05:30,2013-06-10 12:41:45+05:30,274.0,39.119140625
laptop computer,1,2013-06-10 12:47:21+05:30,2013-06-10 13:01:17+05:30,836.0,55.75250244140625
water filter,5,2013-06-10 13:07:14+05:30,2013-06-10 13:16:30+05:30,556.0,35.73931884765625
laptop computer,1,2013-06-10 13:15:36+05:30,2013-06-10 13:20:24+05:30,288.0,65.482421875
laptop computer,1,2013-06-10 13:21:19+05:30,2013-06-10 13:23:45+05:30,146.0,82.01837158203125
television,4,2013-06-10 12:41:04+05:30,2013-06-10 13:34:03+05:30,3179.0,86.00274658203125
water filter,5,2013-06-10 13:33:12+05:30,2013-06-10 13:36:48+05:30,216.0,43.7197265625
laptop computer,1,2013-06-10 13:28:59+05:30,2013-06-10 14:07:08+05:30,2289.0,64.01959228515625
television,4,2013-06-10 14:39:37+05:30,2013-06-10 14:56:50+05:30,1033.0,117.51889038085938
water filter,5,2013-06-10 14:37:20+05:30,2013-06-10 15:10:29+05:30,1989.0,33.469696044921875
laptop computer,1,2013-06-10 15:14:41+05:30,2013-06-10 15:26:40+05:30,719.0,52.84381103515625
laptop computer,1,2013-06-10 15:28:28+05:30,2013-06-10 15:31:03+05:30,155.0,64.33480834960938
laptop computer,1,2013-06-10 15:27:43+05:30,2013-06-10 15:32:14+05:30,271.0,79.79190063476562
laptop computer,1,2013-06-10 15:09:32+05:30,2013-06-10 15:41:59+05:30,1947.0,83.50653076171875
laptop computer,1,2013-06-10 14:54:28+05:30,2013-06-10 15:48:01+05:30,3213.0,70.142822265625
television,4,2013-06-10 15:47:54+05:30,2013-06-10 15:59:10+05:30,676.0,117.88742065429688
television,4,2013-06-10 15:32:33+05:30,2013-06-10 16:17:13+05:30,2680.0,151.42376708984375
water filter,5,2013-06-10 15:45:21+05:30,2013-06-10 16:23:48+05:30,2307.0,41.27471923828125
water motor,0,2013-06-10 15:47:42+05:30,2013-06-10 16:47:22+05:30,3580.0,289.3066101074219
television,4,2013-06-10 16:48:02+05:30,2013-06-10 16:48:28+05:30,26.0,95.50860595703125
water filter,5,2013-06-10 16:44:31+05:30,2013-06-10 16:48:35+05:30,244.0,30.763916015625
laptop computer,1,2013-06-10 16:49:13+05:30,2013-06-10 16:49:45+05:30,32.0,75.66827392578125
laptop computer,1,2013-06-10 16:43:18+05:30,2013-06-10 16:50:20+05:30,422.0,70.38568115234375
laptop computer,1,2013-06-10 16:51:53+05:30,2013-06-10 16:52:00+05:30,7.0,62.6510009765625
television,4,2013-06-10 16:53:46+05:30,2013-06-10 16:53:59+05:30,13.0,139.68814086914062
television,4,2013-06-10 16:53:15+05:30,2013-06-10 16:54:52+05:30,97.0,153.067626953125
water motor,0,2013-06-10 16:47:54+05:30,2013-06-10 16:55:06+05:30,432.0,170.88784790039062
water motor,0,2013-06-10 16:55:40+05:30,2013-06-10 16:56:00+05:30,20.0,265.12847900390625
water motor,0,2013-06-10 16:55:32+05:30,2013-06-10 16:56:06+05:30,34.0,251.49868774414062
water motor,0,2013-06-10 16:57:08+05:30,2013-06-10 16:57:12+05:30,4.0,254.78994750976562
water motor,0,2013-06-10 16:56:43+05:30,2013-06-10 16:57:32+05:30,49.0,254.70574951171875
water motor,0,2013-06-10 16:57:44+05:30,2013-06-10 16:58:19+05:30,35.0,247.3363037109375
laptop computer,1,2013-06-10 16:53:48+05:30,2013-06-10 17:04:26+05:30,638.0,75.5355224609375
laptop computer,1,2013-06-10 17:05:16+05:30,2013-06-10 17:05:24+05:30,8.0,51.907470703125
laptop computer,1,2013-06-10 17:05:13+05:30,2013-06-10 17:05:45+05:30,32.0,69.34771728515625
laptop computer,1,2013-06-10 17:05:53+05:30,2013-06-10 17:17:01+05:30,668.0,82.28567504882812
water motor,0,2013-06-10 18:03:48+05:30,2013-06-10 18:57:56+05:30,3248.0,182.38702392578125
laptop computer,1,2013-06-10 18:15:02+05:30,2013-06-10 18:58:18+05:30,2596.0,52.38311767578125
water filter,5,2013-06-10 19:06:26+05:30,2013-06-10 19:09:02+05:30,156.0,44.84173583984375
water filter,5,2013-06-10 19:09:40+05:30,2013-06-10 19:17:31+05:30,471.0,39.86822509765625
laptop computer,1,2013-06-10 19:39:58+05:30,2013-06-10 19:54:48+05:30,890.0,50.68365478515625
water filter,5,2013-06-10 20:07:30+05:30,2013-06-10 20:07:58+05:30,28.0,39.3973388671875
water motor,0,2013-06-10 20:07:55+05:30,2013-06-10 20:15:13+05:30,438.0,248.864990234375
water filter,5,2013-06-10 20:10:59+05:30,2013-06-10 20:15:33+05:30,274.0,42.486328125
water filter,5,2013-06-10 20:10:37+05:30,2013-06-10 20:20:12+05:30,575.0,47.56787109375
television,4,2013-06-10 20:15:24+05:30,2013-06-10 20:23:10+05:30,466.0,107.4609375
water filter,5,2013-06-10 20:40:24+05:30,2013-06-10 20:46:32+05:30,368.0,42.1669921875
water motor,0,2013-06-10 20:46:44+05:30,2013-06-10 20:49:37+05:30,173.0,235.06005859375
water filter,5,2013-06-10 20:49:48+05:30,2013-06-10 20:49:55+05:30,7.0,32.1435546875
water filter,5,2013-06-10 20:49:15+05:30,2013-06-10 20:56:40+05:30,445.0,37.3603515625
water filter,5,2013-06-10 20:48:26+05:30,2013-06-10 20:59:07+05:30,641.0,45.72998046875
water filter,5,2013-06-10 21:12:37+05:30,2013-06-10 21:21:01+05:30,504.0,35.5400390625
water filter,5,2013-06-10 20:47:38+05:30,2013-06-10 21:23:24+05:30,2146.0,40.58984375
water motor,0,2013-06-10 20:46:43+05:30,2013-06-10 21:40:41+05:30,3238.0,244.58984375
water filter,5,2013-06-10 22:09:45+05:30,2013-06-10 22:10:50+05:30,65.0,39.5302734375
laptop computer,1,2013-06-10 22:14:03+05:30,2013-06-10 22:49:49+05:30,2146.0,58.2099609375
water filter,5,2013-06-10 22:39:48+05:30,2013-06-10 23:06:52+05:30,1624.0,47.7998046875
air conditioner,2,2013-06-10 23:47:22+05:30,2013-06-10 23:47:31+05:30,9.0,2061.136962890625
air conditioner,2,2013-06-10 23:47:37+05:30,2013-06-10 23:48:00+05:30,23.0,2110.1064453125
air conditioner,2,2013-06-10 23:48:12+05:30,2013-06-10 23:48:22+05:30,10.0,2142.860595703125
air conditioner,2,2013-06-10 23:48:54+05:30,2013-06-10 23:49:00+05:30,6.0,2178.90869140625
air conditioner,2,2013-06-10 23:49:06+05:30,2013-06-10 23:49:08+05:30,2.0,2184.006591796875
air conditioner,2,2013-06-10 23:48:47+05:30,2013-06-10 23:49:18+05:30,31.0,2184.962890625
air conditioner,2,2013-06-10 23:48:39+05:30,2013-06-10 23:49:22+05:30,43.0,2185.593505859375
air conditioner,2,2013-06-10 23:49:39+05:30,2013-06-10 23:49:48+05:30,9.0,2316.30029296875
air conditioner,2,2013-06-10 23:48:31+05:30,2013-06-10 23:50:00+05:30,89.0,2324.753173828125
air conditioner,2,2013-06-10 23:50:25+05:30,2013-06-10 23:50:31+05:30,6.0,2326.294189453125
air conditioner,2,2013-06-10 23:50:18+05:30,2013-06-10 23:50:42+05:30,24.0,2334.779052734375
air conditioner,2,2013-06-10 23:50:51+05:30,2013-06-10 23:50:57+05:30,6.0,2355.73291015625
air conditioner,2,2013-06-10 23:51:31+05:30,2013-06-10 23:51:56+05:30,25.0,2371.534423828125
air conditioner,2,2013-06-10 23:52:21+05:30,2013-06-10 23:52:31+05:30,10.0,2179.4599609375
air conditioner,2,2013-06-10 23:53:07+05:30,2013-06-10 23:53:11+05:30,4.0,2557.011474609375
air conditioner,2,2013-06-10 23:52:59+05:30,2013-06-10 23:53:23+05:30,24.0,2556.337890625
air conditioner,2,2013-06-10 23:53:43+05:30,2013-06-10 23:53:49+05:30,6.0,2562.99365234375
air conditioner,2,2013-06-10 23:53:33+05:30,2013-06-10 23:54:03+05:30,30.0,2568.39892578125
air conditioner,2,2013-06-10 23:54:17+05:30,2013-06-10 23:54:19+05:30,2.0,2572.810546875
air conditioner,2,2013-06-10 23:54:39+05:30,2013-06-10 23:55:00+05:30,21.0,2568.218994140625
air conditioner,2,2013-06-10 23:55:19+05:30,2013-06-10 23:55:25+05:30,6.0,2537.0703125
air conditioner,2,2013-06-10 23:56:09+05:30,2013-06-10 23:56:19+05:30,10.0,2550.725830078125
air conditioner,2,2013-06-10 23:55:51+05:30,2013-06-10 23:56:41+05:30,50.0,2519.19580078125
air conditioner,2,2013-06-10 23:55:42+05:30,2013-06-10 23:56:45+05:30,63.0,2519.846923828125
air conditioner,2,2013-06-10 23:55:35+05:30,2013-06-10 23:57:00+05:30,85.0,2512.1474609375
air conditioner,2,2013-06-10 23:55:15+05:30,2013-06-10 23:57:10+05:30,115.0,2508.46923828125
air conditioner,2,2013-06-10 23:57:19+05:30,2013-06-10 23:57:25+05:30,6.0,2511.795166015625
air conditioner,2,2013-06-10 23:55:07+05:30,2013-06-10 23:57:40+05:30,153.0,2524.922607421875
air conditioner,2,2013-06-10 23:54:32+05:30,2013-06-10 23:57:47+05:30,195.0,2525.077880859375
kitchen outlets,3,2013-06-10 23:59:23+05:30,2013-06-10 23:59:34+05:30,11.0,485.90283203125
kitchen outlets,3,2013-06-10 23:59:39+05:30,2013-06-11 00:00:01+05:30,22.0,455.010498046875
kitchen outlets,3,2013-06-11 00:00:09+05:30,2013-06-11 00:00:15+05:30,6.0,441.832275390625
kitchen outlets,3,2013-06-10 23:59:08+05:30,2013-06-11 00:00:26+05:30,78.0,442.197998046875
kitchen outlets,3,2013-06-11 00:01:47+05:30,2013-06-11 00:02:11+05:30,24.0,368.530029296875
kitchen outlets,3,2013-06-11 00:02:31+05:30,2013-06-11 00:02:37+05:30,6.0,384.16748046875
kitchen outlets,3,2013-06-11 00:01:40+05:30,2013-06-11 00:03:04+05:30,84.0,386.125732421875
kitchen outlets,3,2013-06-11 00:01:21+05:30,2013-06-11 00:03:11+05:30,110.0,378.917724609375
kitchen outlets,3,2013-06-11 00:03:21+05:30,2013-06-11 00:03:27+05:30,6.0,365.5546875
kitchen outlets,3,2013-06-11 00:01:01+05:30,2013-06-11 00:03:41+05:30,160.0,360.53662109375
kitchen outlets,3,2013-06-11 00:00:54+05:30,2013-06-11 00:03:46+05:30,172.0,358.833251953125
kitchen outlets,3,2013-06-11 00:00:35+05:30,2013-06-11 00:04:09+05:30,214.0,346.860595703125
water motor,0,2013-06-11 00:04:23+05:30,2013-06-11 00:04:29+05:30,6.0,336.236328125
water motor,0,2013-06-11 00:04:43+05:30,2013-06-11 00:04:52+05:30,9.0,329.099365234375
water motor,0,2013-06-11 00:05:37+05:30,2013-06-11 00:06:04+05:30,27.0,183.013671875
water motor,0,2013-06-11 00:05:33+05:30,2013-06-11 00:06:22+05:30,49.0,192.716796875
water motor,0,2013-06-11 00:06:31+05:30,2013-06-11 00:06:37+05:30,6.0,194.53955078125
water motor,0,2013-06-11 00:06:57+05:30,2013-06-11 00:07:07+05:30,10.0,209.01953125
water motor,0,2013-06-11 00:07:20+05:30,2013-06-11 00:07:25+05:30,5.0,216.25341796875
water motor,0,2013-06-11 00:07:31+05:30,2013-06-11 00:07:57+05:30,26.0,235.87353515625
water motor,0,2013-06-11 00:08:22+05:30,2013-06-11 00:08:29+05:30,7.0,230.130615234375
water motor,0,2013-06-11 00:08:39+05:30,2013-06-11 00:08:43+05:30,4.0,230.75390625
television,4,2013-06-11 02:42:00+05:30,2013-06-11 02:48:43+05:30,403.0,107.058837890625
water filter,5,2013-06-11 03:50:16+05:30,2013-06-11 03:57:59+05:30,463.0,46.88720703125
air conditioner,2,2013-06-11 03:49:22+05:30,2013-06-11 04:22:18+05:30,1976.0,1061.704833984375
laptop computer,1,2013-06-11 03:49:27+05:30,2013-06-11 04:27:10+05:30,2263.0,56.260498046875
laptop computer,1,2013-06-11 04:47:27+05:30,2013-06-11 04:57:42+05:30,615.0,60.11962890625
water filter,5,2013-06-11 05:18:56+05:30,2013-06-11 05:22:00+05:30,184.0,36.92041015625
kitchen outlets,3,2013-06-11 05:50:29+05:30,2013-06-11 06:22:59+05:30,1950.0,481.9061279296875
television,4,2013-06-11 05:33:33+05:30,2013-06-11 06:32:48+05:30,3555.0,91.40054321289062
water motor,0,2013-06-11 06:53:00+05:30,2013-06-11 06:53:16+05:30,16.0,206.199462890625
water motor,0,2013-06-11 06:54:01+05:30,2013-06-11 06:54:12+05:30,11.0,201.93572998046875
water motor,0,2013-06-11 06:55:01+05:30,2013-06-11 06:55:18+05:30,17.0,192.02569580078125
water filter,5,2013-06-11 06:35:03+05:30,2013-06-11 06:57:29+05:30,1346.0,34.13751220703125
water motor,0,2013-06-11 07:01:36+05:30,2013-06-11 07:01:44+05:30,8.0,209.29920959472656
water motor,0,2013-06-11 06:59:52+05:30,2013-06-11 07:04:54+05:30,302.0,183.81321716308594
television,4,2013-06-11 07:35:21+05:30,2013-06-11 07:35:25+05:30,4.0,117.91802978515625
water filter,5,2013-06-11 07:01:57+05:30,2013-06-11 07:36:59+05:30,2102.0,31.235107421875
water filter,5,2013-06-11 07:42:23+05:30,2013-06-11 07:43:09+05:30,46.0,33.5863037109375
water filter,5,2013-06-11 08:09:18+05:30,2013-06-11 08:24:46+05:30,928.0,44.86627197265625
laptop computer,1,2013-06-11 08:24:52+05:30,2013-06-11 08:34:40+05:30,588.0,68.24435424804688
water filter,5,2013-06-11 09:13:06+05:30,2013-06-11 09:15:11+05:30,125.0,37.65277099609375
water filter,5,2013-06-11 09:37:51+05:30,2013-06-11 09:43:54+05:30,363.0,39.095306396484375
television,4,2013-06-11 10:29:10+05:30,2013-06-11 10:29:50+05:30,40.0,99.6160888671875
laptop computer,1,2013-06-11 09:55:14+05:30,2013-06-11 10:32:03+05:30,2209.0,49.85223388671875
water filter,5,2013-06-11 11:14:10+05:30,2013-06-11 11:15:36+05:30,86.0,31.430572509765625
water filter,5,2013-06-11 11:19:24+05:30,2013-06-11 11:39:40+05:30,1216.0,49.2847900390625
television,4,2013-06-11 11:47:12+05:30,2013-06-11 11:49:30+05:30,138.0,93.59979248046875
laptop computer,1,2013-06-11 11:58:52+05:30,2013-06-11 12:11:02+05:30,730.0,65.11196899414062
laptop computer,1,2013-06-11 12:22:18+05:30,2013-06-11 12:40:08+05:30,1070.0,73.28359985351562
laptop computer,1,2013-06-11 12:51:32+05:30,2013-06-11 12:55:13+05:30,221.0,50.807769775390625
laptop computer,1,2013-06-11 13:02:09+05:30,2013-06-11 13:07:13+05:30,304.0,59.74609375
water filter,5,2013-06-11 12:56:02+05:30,2013-06-11 13:42:14+05:30,2772.0,30.2266845703125
laptop computer,1,2013-06-11 14:03:42+05:30,2013-06-11 14:08:09+05:30,267.0,55.286956787109375
laptop computer,1,2013-06-11 14:09:23+05:30,2013-06-11 14:41:05+05:30,1902.0,63.874298095703125
television,4,2013-06-11 14:59:54+05:30,2013-06-11 15:11:18+05:30,684.0,120.0289306640625
laptop computer,1,2013-06-11 15:19:56+05:30,2013-06-11 15:21:37+05:30,101.0,55.585113525390625
water filter,5,2013-06-11 15:27:15+05:30,2013-06-11 15:43:05+05:30,950.0,40.47979736328125
water filter,5,2013-06-11 15:58:32+05:30,2013-06-11 16:12:36+05:30,844.0,39.39715576171875
laptop computer,1,2013-06-11 15:28:51+05:30,2013-06-11 16:17:52+05:30,2941.0,66.17929077148438
water filter,5,2013-06-11 16:36:44+05:30,2013-06-11 16:45:45+05:30,541.0,40.26837158203125
water filter,5,2013-06-11 15:51:17+05:30,2013-06-11 16:46:14+05:30,3297.0,31.107086181640625
kitchen outlets,3,2013-06-11 17:02:41+05:30,2013-06-11 17:30:15+05:30,1654.0,457.32904052734375
water filter,5,2013-06-11 17:19:59+05:30,2013-06-11 17:37:32+05:30,1053.0,44.3868408203125
kitchen outlets,3,2013-06-11 17:47:29+05:30,2013-06-11 17:47:42+05:30,13.0,400.7264709472656
kitchen outlets,3,2013-06-11 17:48:01+05:30,2013-06-11 17:48:10+05:30,9.0,448.817626953125
kitchen outlets,3,2013-06-11 17:48:37+05:30,2013-06-11 17:48:39+05:30,2.0,361.5998229980469
water motor,0,2013-06-11 17:48:52+05:30,2013-06-11 17:49:02+05:30,10.0,290.8179931640625
kitchen outlets,3,2013-06-11 17:48:29+05:30,2013-06-11 17:49:13+05:30,44.0,491.8963623046875
water motor,0,2013-06-11 17:50:38+05:30,2013-06-11 17:50:43+05:30,5.0,212.86663818359375
water motor,0,2013-06-11 17:51:39+05:30,2013-06-11 17:51:51+05:30,12.0,183.82940673828125
water motor,0,2013-06-11 17:52:33+05:30,2013-06-11 17:52:44+05:30,11.0,278.0788879394531
kitchen outlets,3,2013-06-11 17:55:25+05:30,2013-06-11 17:55:35+05:30,10.0,522.5657958984375
kitchen outlets,3,2013-06-11 17:55:57+05:30,2013-06-11 17:56:25+05:30,28.0,558.8856201171875
kitchen outlets,3,2013-06-11 17:55:47+05:30,2013-06-11 17:56:47+05:30,60.0,631.981201171875
water filter,5,2013-06-11 18:00:32+05:30,2013-06-11 18:11:50+05:30,678.0,42.633636474609375
laptop computer,1,2013-06-11 18:53:29+05:30,2013-06-11 19:09:26+05:30,957.0,50.18267822265625
laptop computer,1,2013-06-11 18:53:21+05:30,2013-06-11 19:10:56+05:30,1055.0,50.55419921875
water filter,5,2013-06-11 19:19:23+05:30,2013-06-11 19:20:19+05:30,56.0,35.00933837890625
laptop computer,1,2013-06-11 19:30:02+05:30,2013-06-11 19:31:24+05:30,82.0,67.51348876953125
laptop computer,1,2013-06-11 19:21:42+05:30,2013-06-11 19:34:37+05:30,775.0,80.77447509765625
television,4,2013-06-11 19:09:22+05:30,2013-06-11 19:44:55+05:30,2133.0,86.27923583984375
water filter,5,2013-06-11 19:30:42+05:30,2013-06-11 20:17:48+05:30,2826.0,44.790802001953125
water filter,5,2013-06-11 20:29:26+05:30,2013-06-11 20:44:09+05:30,883.0,41.240509033203125
television,4,2013-06-11 21:13:46+05:30,2013-06-11 21:14:34+05:30,48.0,83.7344970703125
water filter,5,2013-06-11 20:46:42+05:30,2013-06-11 21:18:00+05:30,1878.0,40.636474609375
water filter,5,2013-06-11 20:46:03+05:30,2013-06-11 21:35:38+05:30,2975.0,36.6361083984375
television,4,2013-06-11 21:12:04+05:30,2013-06-11 21:35:51+05:30,1427.0,94.4588623046875
water filter,5,2013-06-11 21:37:10+05:30,2013-06-11 21:37:44+05:30,34.0,30.93438720703125
laptop computer,1,2013-06-11 21:12:07+05:30,2013-06-11 21:40:24+05:30,1697.0,60.329833984375
water filter,5,2013-06-11 21:42:31+05:30,2013-06-11 21:48:16+05:30,345.0,36.01025390625
kitchen outlets,3,2013-06-11 21:59:43+05:30,2013-06-11 22:29:37+05:30,1794.0,364.2001953125
water filter,5,2013-06-11 22:20:03+05:30,2013-06-11 22:30:56+05:30,653.0,31.72021484375
laptop computer,1,2013-06-11 22:08:09+05:30,2013-06-11 22:41:50+05:30,2021.0,50.64013671875
water filter,5,2013-06-11 22:11:53+05:30,2013-06-11 22:48:56+05:30,2223.0,38.8701171875
kitchen outlets,3,2013-06-12 01:03:41+05:30,2013-06-12 01:35:42+05:30,1921.0,422.51116943359375
laptop computer,1,2013-06-12 02:07:41+05:30,2013-06-12 02:17:35+05:30,594.0,61.065582275390625
kitchen outlets,3,2013-06-12 03:13:16+05:30,2013-06-12 03:26:43+05:30,807.0,891.197265625
kitchen outlets,3,2013-06-12 03:08:57+05:30,2013-06-12 03:46:59+05:30,2282.0,450.2648010253906
water motor,0,2013-06-12 05:23:34+05:30,2013-06-12 06:04:31+05:30,2457.0,257.4779968261719
television,4,2013-06-12 07:04:51+05:30,2013-06-12 07:04:57+05:30,6.0,87.85220336914062
television,4,2013-06-12 07:04:19+05:30,2013-06-12 07:06:51+05:30,152.0,146.99566650390625
laptop computer,1,2013-06-12 07:22:31+05:30,2013-06-12 07:24:03+05:30,92.0,57.25787353515625
laptop computer,1,2013-06-12 07:25:03+05:30,2013-06-12 07:25:39+05:30,36.0,68.02392578125
water filter,5,2013-06-12 07:24:42+05:30,2013-06-12 07:28:23+05:30,221.0,40.326690673828125
water filter,5,2013-06-12 07:13:47+05:30,2013-06-12 07:28:46+05:30,899.0,39.306396484375
water motor,0,2013-06-12 07:37:17+05:30,2013-06-12 07:37:36+05:30,19.0,198.77398681640625
water motor,0,2013-06-12 07:38:29+05:30,2013-06-12 07:38:36+05:30,7.0,190.73724365234375
water filter,5,2013-06-12 07:33:41+05:30,2013-06-12 07:42:30+05:30,529.0,40.860198974609375
water filter,5,2013-06-12 07:32:52+05:30,2013-06-12 07:51:49+05:30,1137.0,33.575408935546875
television,4,2013-06-12 08:11:00+05:30,2013-06-12 08:21:06+05:30,606.0,131.43118286132812
laptop computer,1,2013-06-12 07:52:54+05:30,2013-06-12 08:39:29+05:30,2795.0,55.88719177246094
laptop computer,1,2013-06-12 07:49:36+05:30,2013-06-12 08:41:42+05:30,3126.0,50.04939270019531
laptop computer,1,2013-06-12 08:47:30+05:30,2013-06-12 08:51:51+05:30,261.0,51.027801513671875
water filter,5,2013-06-12 09:05:14+05:30,2013-06-12 09:07:50+05:30,156.0,38.788116455078125
water filter,5,2013-06-12 09:11:08+05:30,2013-06-12 09:45:09+05:30,2041.0,44.028900146484375
laptop computer,1,2013-06-12 10:18:10+05:30,2013-06-12 10:44:21+05:30,1571.0,58.56671142578125
laptop computer,1,2013-06-12 10:09:29+05:30,2013-06-12 11:02:04+05:30,3155.0,56.35990905761719
laptop computer,1,2013-06-12 11:56:24+05:30,2013-06-12 12:12:12+05:30,948.0,59.81158447265625
laptop computer,1,2013-06-12 12:26:16+05:30,2013-06-12 12:38:25+05:30,729.0,75.8485107421875
water filter,5,2013-06-12 12:32:47+05:30,2013-06-12 12:40:23+05:30,456.0,32.497100830078125
television,4,2013-06-12 12:48:53+05:30,2013-06-12 12:48:54+05:30,1.0,88.30670166015625
television,4,2013-06-12 12:49:20+05:30,2013-06-12 12:49:37+05:30,17.0,86.455810546875
laptop computer,1,2013-06-12 12:50:35+05:30,2013-06-12 12:50:46+05:30,11.0,54.367401123046875
laptop computer,1,2013-06-12 12:50:29+05:30,2013-06-12 12:51:00+05:30,31.0,75.01528930664062
kitchen outlets,3,2013-06-12 12:52:10+05:30,2013-06-12 12:52:21+05:30,11.0,392.48773193359375
television,4,2013-06-12 12:52:44+05:30,2013-06-12 12:53:12+05:30,28.0,118.93061828613281
television,4,2013-06-12 12:51:46+05:30,2013-06-12 12:53:51+05:30,125.0,117.79971313476562
television,4,2013-06-12 12:49:58+05:30,2013-06-12 12:54:00+05:30,242.0,117.95939636230469
television,4,2013-06-12 12:54:24+05:30,2013-06-12 12:54:37+05:30,13.0,93.7388916015625
television,4,2013-06-12 12:49:51+05:30,2013-06-12 12:54:55+05:30,304.0,94.03799438476562
water filter,5,2013-06-12 12:55:48+05:30,2013-06-12 12:55:51+05:30,3.0,48.550811767578125
laptop computer,1,2013-06-12 12:50:19+05:30,2013-06-12 12:55:58+05:30,339.0,64.25881958007812
water filter,5,2013-06-12 13:08:05+05:30,2013-06-12 13:09:32+05:30,87.0,35.32720947265625
water motor,0,2013-06-12 12:54:11+05:30,2013-06-12 13:47:36+05:30,3205.0,198.76930236816406
water motor,0,2013-06-12 13:47:52+05:30,2013-06-12 13:48:00+05:30,8.0,185.8907928466797
water motor,0,2013-06-12 13:48:17+05:30,2013-06-12 13:48:21+05:30,4.0,189.40838623046875
water motor,0,2013-06-12 13:48:29+05:30,2013-06-12 13:48:38+05:30,9.0,194.80288696289062
water motor,0,2013-06-12 13:48:47+05:30,2013-06-12 13:48:56+05:30,9.0,192.64073181152344
television,4,2013-06-12 13:43:09+05:30,2013-06-12 13:49:00+05:30,351.0,96.54830932617188
water motor,0,2013-06-12 13:47:40+05:30,2013-06-12 13:49:10+05:30,90.0,196.26918029785156
water motor,0,2013-06-12 13:49:15+05:30,2013-06-12 13:49:23+05:30,8.0,193.75399780273438
kitchen outlets,3,2013-06-12 13:49:51+05:30,2013-06-12 13:49:53+05:30,2.0,490.80133056640625
kitchen outlets,3,2013-06-12 13:50:17+05:30,2013-06-12 13:50:32+05:30,15.0,631.9625854492188
kitchen outlets,3,2013-06-12 13:50:37+05:30,2013-06-12 13:50:50+05:30,13.0,639.0029296875
kitchen outlets,3,2013-06-12 13:50:10+05:30,2013-06-12 13:50:55+05:30,45.0,658.2348022460938
kitchen outlets,3,2013-06-12 13:50:03+05:30,2013-06-12 13:51:02+05:30,59.0,654.867919921875
kitchen outlets,3,2013-06-12 13:51:58+05:30,2013-06-12 13:52:00+05:30,2.0,660.596923828125
kitchen outlets,3,2013-06-12 13:51:52+05:30,2013-06-12 13:52:40+05:30,48.0,652.3649291992188
kitchen outlets,3,2013-06-12 13:51:41+05:30,2013-06-12 13:52:47+05:30,66.0,652.8535766601562
kitchen outlets,3,2013-06-12 13:51:35+05:30,2013-06-12 13:52:53+05:30,78.0,655.3716430664062
kitchen outlets,3,2013-06-12 13:53:49+05:30,2013-06-12 13:54:04+05:30,15.0,637.499755859375
kitchen outlets,3,2013-06-12 13:53:20+05:30,2013-06-12 13:54:15+05:30,55.0,638.0535888671875
kitchen outlets,3,2013-06-12 13:53:13+05:30,2013-06-12 13:54:26+05:30,73.0,631.4910888671875
kitchen outlets,3,2013-06-12 13:54:34+05:30,2013-06-12 13:54:41+05:30,7.0,636.791015625
kitchen outlets,3,2013-06-12 13:53:04+05:30,2013-06-12 13:54:48+05:30,104.0,635.2573852539062
water filter,5,2013-06-12 13:55:53+05:30,2013-06-12 14:03:46+05:30,473.0,41.7347412109375
laptop computer,1,2013-06-12 16:49:06+05:30,2013-06-12 16:51:48+05:30,162.0,53.9766845703125
laptop computer,1,2013-06-12 16:22:27+05:30,2013-06-12 17:07:54+05:30,2727.0,62.74346923828125
water motor,0,2013-06-12 17:49:35+05:30,2013-06-12 17:49:42+05:30,7.0,170.4693603515625
television,4,2013-06-12 17:51:57+05:30,2013-06-12 17:52:08+05:30,11.0,114.65313720703125
television,4,2013-06-12 17:52:17+05:30,2013-06-12 17:52:35+05:30,18.0,114.31915283203125
television,4,2013-06-12 17:53:27+05:30,2013-06-12 17:53:49+05:30,22.0,125.71697998046875
television,4,2013-06-12 17:55:18+05:30,2013-06-12 17:55:30+05:30,12.0,121.9827880859375
laptop computer,1,2013-06-12 17:57:32+05:30,2013-06-12 17:58:17+05:30,45.0,69.54351806640625
water filter,5,2013-06-12 17:02:27+05:30,2013-06-12 17:58:41+05:30,3374.0,31.2303466796875
laptop computer,1,2013-06-12 17:59:23+05:30,2013-06-12 17:59:59+05:30,36.0,81.41455078125
laptop computer,1,2013-06-12 17:25:48+05:30,2013-06-12 18:00:15+05:30,2067.0,81.70318603515625
laptop computer,1,2013-06-12 18:00:41+05:30,2013-06-12 18:31:17+05:30,1836.0,62.70587158203125
water motor,0,2013-06-12 17:50:12+05:30,2013-06-12 18:33:28+05:30,2596.0,332.6953430175781
laptop computer,1,2013-06-12 19:24:15+05:30,2013-06-12 19:35:34+05:30,679.0,72.1038818359375
water filter,5,2013-06-12 19:10:24+05:30,2013-06-12 19:52:48+05:30,2544.0,41.704833984375
laptop computer,1,2013-06-12 19:44:51+05:30,2013-06-12 20:02:19+05:30,1048.0,51.31097412109375
water filter,5,2013-06-12 20:01:49+05:30,2013-06-12 20:03:09+05:30,80.0,32.25628662109375
television,4,2013-06-12 20:02:51+05:30,2013-06-12 20:07:22+05:30,271.0,112.28900146484375
water filter,5,2013-06-12 21:15:29+05:30,2013-06-12 21:16:11+05:30,42.0,38.3427734375
water filter,5,2013-06-12 21:11:05+05:30,2013-06-12 21:21:35+05:30,630.0,43.223876953125
water filter,5,2013-06-12 21:44:16+05:30,2013-06-12 21:49:37+05:30,321.0,39.900390625
water filter,5,2013-06-12 22:08:54+05:30,2013-06-12 22:13:04+05:30,250.0,32.14013671875
water filter,5,2013-06-12 22:07:55+05:30,2013-06-12 22:20:44+05:30,769.0,36.0439453125
water filter,5,2013-06-13 00:29:00+05:30,2013-06-13 00:39:37+05:30,637.0,41.072662353515625
laptop computer,1,2013-06-13 05:31:39+05:30,2013-06-13 05:41:30+05:30,591.0,61.262451171875
water filter,5,2013-06-13 06:32:39+05:30,2013-06-13 06:36:48+05:30,249.0,49.306182861328125
laptop computer,1,2013-06-13 06:10:46+05:30,2013-06-13 06:39:34+05:30,1728.0,76.82489013671875
laptop computer,1,2013-06-13 06:58:13+05:30,2013-06-13 07:08:55+05:30,642.0,68.8426513671875
water filter,5,2013-06-13 07:13:09+05:30,2013-06-13 07:18:40+05:30,331.0,42.95111083984375
laptop computer,1,2013-06-13 07:09:21+05:30,2013-06-13 07:19:25+05:30,604.0,63.59576416015625
laptop computer,1,2013-06-13 07:21:34+05:30,2013-06-13 07:22:46+05:30,72.0,63.602081298828125
water filter,5,2013-06-13 07:26:30+05:30,2013-06-13 07:29:38+05:30,188.0,34.49786376953125
water filter,5,2013-06-13 07:22:20+05:30,2013-06-13 07:31:56+05:30,576.0,31.39581298828125
laptop computer,1,2013-06-13 07:20:48+05:30,2013-06-13 07:33:38+05:30,770.0,74.76130676269531
water filter,5,2013-06-13 07:33:59+05:30,2013-06-13 07:34:12+05:30,13.0,34.987701416015625
water filter,5,2013-06-13 08:38:07+05:30,2013-06-13 08:46:13+05:30,486.0,32.874908447265625
laptop computer,1,2013-06-13 09:52:09+05:30,2013-06-13 10:02:57+05:30,648.0,54.84210205078125
water filter,5,2013-06-13 10:00:17+05:30,2013-06-13 10:05:16+05:30,299.0,46.526611328125
laptop computer,1,2013-06-13 10:05:47+05:30,2013-06-13 10:09:57+05:30,250.0,52.391387939453125
water filter,5,2013-06-13 10:29:06+05:30,2013-06-13 10:29:41+05:30,35.0,41.7205810546875
laptop computer,1,2013-06-13 11:02:37+05:30,2013-06-13 11:14:50+05:30,733.0,70.80987548828125
television,4,2013-06-13 11:36:21+05:30,2013-06-13 11:49:22+05:30,781.0,125.33230590820312
water filter,5,2013-06-13 12:58:03+05:30,2013-06-13 12:58:41+05:30,38.0,47.67767333984375
water filter,5,2013-06-13 12:56:07+05:30,2013-06-13 13:10:04+05:30,837.0,43.05360412597656
laptop computer,1,2013-06-13 13:55:36+05:30,2013-06-13 14:06:41+05:30,665.0,71.08551025390625
water filter,5,2013-06-13 14:14:51+05:30,2013-06-13 14:15:14+05:30,23.0,31.06048583984375
television,4,2013-06-13 14:09:21+05:30,2013-06-13 14:34:48+05:30,1527.0,87.92779541015625
water filter,5,2013-06-13 14:18:48+05:30,2013-06-13 14:49:58+05:30,1870.0,45.8837890625
water filter,5,2013-06-13 15:34:48+05:30,2013-06-13 15:35:29+05:30,41.0,32.79609680175781
kitchen outlets,3,2013-06-13 15:48:57+05:30,2013-06-13 16:23:47+05:30,2090.0,485.66082763671875
laptop computer,1,2013-06-13 16:40:32+05:30,2013-06-13 16:57:36+05:30,1024.0,71.8624267578125
television,4,2013-06-13 17:04:46+05:30,2013-06-13 17:10:28+05:30,342.0,86.11300659179688
water filter,5,2013-06-13 17:44:39+05:30,2013-06-13 17:44:49+05:30,10.0,40.725677490234375
laptop computer,1,2013-06-13 18:01:59+05:30,2013-06-13 18:02:06+05:30,7.0,58.0028076171875
water filter,5,2013-06-13 18:11:51+05:30,2013-06-13 18:24:04+05:30,733.0,30.845611572265625
television,4,2013-06-13 18:38:10+05:30,2013-06-13 18:57:05+05:30,1135.0,102.2724609375
television,4,2013-06-13 18:11:56+05:30,2013-06-13 18:57:26+05:30,2730.0,114.8406982421875
kitchen outlets,3,2013-06-13 19:54:59+05:30,2013-06-13 20:28:51+05:30,2032.0,427.5009765625
water filter,5,2013-06-13 20:09:56+05:30,2013-06-13 20:30:10+05:30,1214.0,46.656005859375
television,4,2013-06-13 20:08:18+05:30,2013-06-13 20:41:07+05:30,1969.0,85.509033203125
water filter,5,2013-06-13 20:43:29+05:30,2013-06-13 20:44:31+05:30,62.0,36.504150390625
water filter,5,2013-06-13 20:42:39+05:30,2013-06-13 20:49:08+05:30,389.0,43.375
water filter,5,2013-06-13 20:56:50+05:30,2013-06-13 20:57:01+05:30,11.0,42.849609375
air conditioner,2,2013-06-13 20:49:01+05:30,2013-06-13 21:17:20+05:30,1699.0,1735.27392578125
laptop computer,1,2013-06-13 21:27:02+05:30,2013-06-13 21:30:50+05:30,228.0,57.1240234375
laptop computer,1,2013-06-13 21:31:56+05:30,2013-06-13 21:49:09+05:30,1033.0,63.277587890625
water filter,5,2013-06-13 21:00:59+05:30,2013-06-13 21:56:55+05:30,3356.0,31.2509765625
water filter,5,2013-06-13 21:57:02+05:30,2013-06-13 21:59:06+05:30,124.0,46.921142578125
kitchen outlets,3,2013-06-13 22:15:12+05:30,2013-06-13 22:17:05+05:30,113.0,944.48876953125
